1185013290956537856,b'@Layang Kalimah Syahadat 1988',b'KalimahLayang',"b'Indramayu, Indonesia'",293,612
838413792677507072,b'WCC JAWA BARAT',b'wahhabicc_jabar',b'Dunia',25050,1132
1125410519211372550,b'Nasamil',b'Nasamil3',"b'Kota Surabaya, Jawa Timur'",168,283
592670569,"b""el Pop'Ko\xd0\xafn""",b'elHurryKoRn',"b'elReal Juve Chelsea, NU'",15548,2177
1349434237,b'PANCASILA YES KHIlAFAH NO.KODRAT ALLAH BHINNEKA',b'JokSusi2019',b'Indonesia',9661,5055
743505426898030592,b'Jokowi\xf0\x9f\x91\x8dAmin',b'Barna_byo',b'Jakarta Raya',6626,6457
1136461772729200640,b'Syifaz.',b'syifaz1994',b'',2479,1038
1153596646418071552,b'Dianty_Yasmin',b'DiantyYasmin',b'',2761,543
1166673683051532288,b'\xf0\x9f\x8c\xbei am happy\xf0\x9f\x8c\xbehanum',b'BahasaHati6',b'',905,742
1096418788566679552,b'Nissa',b'MeAndOurs',"b'Papua, Indonesia'",3249,2310
866635661041844224,b'johan stefanus',b'johanhowan',"b'Kepulauan Riau, Indonesia'",341,433
1138447952127692801,b'Iftitah',b'Iftitah19380798',b'Indonesia',1254,531
1187985132025593858,b'Strong Image & Character',b'strongpointlead',b'',5,17
1113470867307061248,b'Commoners\xf0\x9f\x94\xb0',b'RiuUtomoRizki',b'',5631,4456
59718776,b'Didi Armayanto',b'didi_armayanto',b'Indonesia',468,1084
1379431842,b'indri\xe2\x9a\x98',b'MrsRachelIn',b'Jakarta',568,237
1184911912523329537,b'Anggie Natalie (bibi Lung)\xf0\x9f\x87\xa6\xf0\x9f\x87\xba\xf0\x9f\x87\xb2\xf0\x9f\x87\xa8',b'Anggienatalie23',b'Selandia Baru',1601,3289
936216655629185030,b'Cahangon',b'Cahango61369300',b'jkt',53,130
1141783903465701376,b'Wagiman Deep (Habeib Selow)',b'WagimanDeep',b'Dpc Mbandungan ',36115,2673
786085513581256708,b'Ham Ham\xf0\x9f\x87\xae\xf0\x9f\x87\xa9',b'3hamdih',"b'DKI Jakarta, Indonesia'",1033,42
1272704748,b'LALA\xf0\x9f\x8e\xb6\xf0\x9f\x87\xae\xf0\x9f\x87\xa9',b'cintada17',b'Sobat Ambyar',2652,501
1134649656951001089,b'M LUTHFI YAMIN ABU THOLIB YAHYA',b'Mukhtar07120731',"b'Depok, Indonesia'",2401,4375
570148055,b'Iskandar darwis',b'iskandarwis',"b'Pagelaran, kab malang, jatim'",12,12
214818815,b'NU Online',b'nu_online',b'Indonesia',440805,468
1055650690788286465,b'\xf0\x9f\x87\xb2\xf0\x9f\x87\xa8\xe2\x88\x86lv\xe2\x88\x86ro3__\xc2\xa3ee3_\xf0\x9f\x92\x95\xf0\x9f\x87\xb2\xf0\x9f\x87\xa8',b'alvaro3_lee3_',b'Indonesia',3704,3445
1148598868592025600,"b""Dank.Mu'min""",b'dank_mu',b'',13,140
1077528129097281537,b'Yolanda Alisyahbana',b'YolandaAlisyah1',b'',159,179
247277409,b'#TT Dewi Darmawati',b'dewi_darmawati',b'',1796,4586
230780581,b'Naruto \xf0\x9f\x90\xa6',b'mazmaulan4',b'Indonesia',6032,1824
947650890583891969,b'Antonius Cokro',b'AntoniusCokro',"b'Kota Bengkulu, Bengkulu'",57,411
615254686,b'\xf0\x9f\x85\xb0\xef\xb8\x8fvink#88\xf0\x9f\x87\xae\xf0\x9f\x87\xa9',b'Baracuda1818',b'Indonesia',4745,5048
1169861535247679490,b'IGuana',b'Luana0119411577',b'Jakarta Pusat',1339,1295
1089030188120195072,b'\xf0\x9f\x92\xa5JOKER\xf0\x9f\x92\xa5',b'Joker_gantenk',"b'Jakarta Barat, DKI Jakarta'",1581,509
4737492205,b'nita',b'lestari_leonita',"b'Bali, Indonesia'",168,403
972357839279673344,b'\xf0\x9f\x91\x91\xe2\x9d\xa3F\xea\x99\xafA\xea\x99\xaf\xe2\x9d\xa3\xf0\x9f\x91\x91',b'FaGtng',b'Indonesia',11857,1872
1135452266142429184,b'Gus Sjahtie',b'sjahtie',"b'Banyuwangi, Indonesia'",1024,917
1099162651760807937,b'sangKODOK',b'ingga271078',b'',1044,1526
1037229515099987969,b'PUPUT',b'AdhitamaKin',"b'Mamuju, Indonesia'",324,718
1153020026938466304,b'ERINDA SOFI',b'ErindaSofi',b'',2012,2115
932761959291748352,b'Dimas Permana',b'DimasPermana817',b'',3770,1044
1127279353320984577,b'Evi Suryanti',b'EviSuryanti10',b'Kota bekasi ',309,824
770614660059979776,b'Kardol Lu',b'V_Stone_Kardol',b'Indonesia',6129,1001
1186537548404781058,b'@devy215manalu',b'devy215',b'',409,448
1091660985314598912,b'Anwar Zaid',b'AnwarZaid13',b'',45,171
749142361469399041,b'Zulkarnaini',b'bangzul_88',"b'Jakarta Selatan, DKI Jakarta'",15386,3054
1179185621002153984,b'Nurulfauziah',b'Nurulfa55153489',b'',84,152
1186452541229260800,b'just slave of Allah',b'auliasalma2901',b'',582,589
1315536164,b'muhammad amin',b'shaarfaraz',b'purwokerto',8,92
198412976,b'Eko Kuntadhi',b'eko_kuntadhi',b'jakarta',45907,1551
126639176,b'ebongBOY',b'ebongBOY',b'https://maps.app.goo.gl/wYAHDF',1809,1156
892245663106211846,b'ACHZAM PRABU',b'achzam_prabu',b'Lembah Damai Indonesia \xf0\x9f\x87\xae\xf0\x9f\x87\xa9',3616,916
1029265988166987777,b'\xf0\x9f\x87\xae\xf0\x9f\x87\xa9GGMU\xf0\x9f\x87\xae\xf0\x9f\x87\xa9',b'Gregorius841',b'Bandung',504,657
856022497031897088,b'Candra Asmara',b'Candraasmara85',"b'Bandung, Jawa Barat'",7466,3050
1112927411375468545,b'Joe',b'Joe41563488',b'',514,960
1117028065320685568,b'WAHABIS LOKAL',b'WahabisLokal',b'Indonesia',10848,235
720593195562733570,b'anjar prasetyo -the avengers-',b'anjares90',"b'England, United Kingdom'",480,545
1117990249806721024,b'Muhammad Said Didu',b'msaid_didu',b'',180761,425
1109680953473945600,b'ISTRI MUDA',b'VaniaCiprut',"b'Malang, Jawa Timur'",1046,112
816805902804099072,b'Firza Husain',b'FirzaHusain',b'Jakarta Raya',23476,2574
1084315822464462854,b'+62 gambleh\xf0\x9f\x98\x9d',b'anak___Rantau',b'Indonesia',3181,2459
1580452843,b'masHad',b'hadigzljersey',"b'Jakarta Pusat, DKI Jakarta'",97,352
1172025040868478976,b'Puanita',b'Puanita9',b'',164,471
1146986295740076032,b'bagong ndableg',b'BagongTambeng',b'',297,294
86012022,b'Hidayat Nur Wahid',b'hnurwahid',b'Jakarta Capital Region',1305055,1391
223360867,b'EasyPeasy \xf0\x9f\x8e\x88',b'Dwiyana_DKM',b'',16808,969
2650421658,b'Ngkong Roses',b'NgkongRoses',"b'Kota Surabaya, Jawa Timur'",2131,1589
1350650630,"b'#Utamakan Indonesia, yg lain nyusul'",b'PrakarsaWilly',b'',114,189
2156465923,b'INDONESIA MAJU',b'yusuf_dumdum',b'Indonesia',53688,330
522158429,b'Budi Handoyo',b'Oladalah',"b'Tangerang, Indonesia'",455,235
96727334,b'Halo',b'salahsambungya',"b'Jakarta, Indonesia'",1259,918
1165846995782651905,b'Kane',b'Kane13282949',b'',6,86
84221579,b'IG: narkosun',b'narkosun',b'Indonesia',20723,1482
453931027,b'Ganyang HTI!',b'rizieqdivist',b'Indonesia',5481,1610
995537335767912448,b'Salam Damai Indonesia',b'Akusahabat01',b'',73,275
3065218968,b'heriyanto',b'heriyantoquin',b'riau',135,1656
805297225697923072,b'#2019KampretNyungsepLagi',b'itsprett',b'',38,104
954204859175092224,b'LUQMaN',b'LArp02',b'Indonesia',1123,1589
235931838,b'Dede Budhyarto',b'kangdede78',"b'Jakarta Pusat, DKI Jakarta'",85620,2140
814305733,b'so lee',b'zakirsolihin',b'',107,288
2478685009,b'Parikesit \xf0\x9f\x87\xae\xf0\x9f\x87\xa9',b'Kesit_',b'Semarang - Jakarta ',400,416
885778797382979584,b'\xf0\x9f\x8c\xbcAirin_NZ\xf0\x9f\x8c\xb8',b'Airin_NZ',"b'Pantai Indah Kapuk, Jakarta'",37224,840
1098096946160398336,b'Ishaksp123',b'ishaksp123',"b'Sumatera Selatan, Indonesia'",304,307
250614155,b'Dini PoedjiHardianti #Tim88',b'DiniHrdianti',"b'Jakarta, Indonesia'",1797,930
3142787856,b'Bhre WENGKER',b'hilmy_elhasan',"b'Ponorogo, East Java'",375,1194
437697489,b'ady',b'adyttt_punk',b'tunggak',761,1239
1113849439242702848,b'Adedwi',b'Adedwi09145642',b'',13,72
1404729888,b'August',b'AnakLolina',b'Jamaica',10482,6154
843793805010644992,b'tengkuzulkarnain',b'ustadtengkuzul',b'',288788,0
1165689402669928448,b'Vs_',b'Vss_thirtythree',b'\n\xf0\x9f\x8c\x8fI.N.D.O.N.E.S.I.A East Java',9,125
1013413063863619584,b'dimaskerik',b'dimaskerik1',b'Indonesia Tanah Air Beta',44,215
910815431115472896,b'FPI Tamat',b'AyasSipenk',"b'Kota Malang, Jawa Timur'",332,291
2815241396,b'abby_budiyono',b'budiyono97',b'Semarang Kota aTeLeS',255,428
938068671989129217,b'P. Maranatha Siburian\xf0\x9f\x87\xae\xf0\x9f\x87\xa9',b'7brn_',"b'Kota Dumai, Riau'",540,1017
1119600706292293632,b'\xf0\x9f\x8c\xbamy lovely \xf0\x9f\x8c\xba',b'AgustineEmy',b'',558,280
1170058391605039104,b'Akun Receh tumbang buat lagi',b'JokowiLover4',b'',185,228
1165609576906969088,b'DuaSatuDua',b'IanR84028741',b'',419,979
1143937498474663936,b'Arifudinnur1971',b'arifudinnur1971',"b'Kalimantan Selatan, Indonesia'",1341,3783
435004096,b'Ary Prasetyo',b'Aryprasetyo85',"b'Jakarta Pusat, DKI Jakarta'",28135,2081
1181365664973389824,b'FREDDY',b'HardiFreddy',b'Indonesia',7,115
869327120,b'#99',b'PartaiSocmed',b'Indonesia',173405,3003
974818325577457664,b'Razka',b'RazkaFaiz',b'Indonesia',65,98
591710285,b'Subur Priyanto',b'Subur_Priyanto',b'Indonesia',150,290
1703857466,b'Nna_ # \xe3\x83\x8a\xe3\x83\x8a\xc2\xb7\xe3\x83\x8c\xe3\x82\xb0\xe3\x83\xad\xe3\x83\x9b',b'Adr_Nnaa',b'Samudra hindia ',984,500
1013264222338158592,b'make peace not war',b'Baktinegeri01',"b'Kota Serang, Banten'",412,1304
709643370411393024,b'Yunus Setiaji',b'SetiajiYunus',"b'Lamongan, Indonesia'",157,298
1187424082200936448,b'Chusnul Chotimah',b'_CHChotimah',b'',3616,955
1155902597540171776,b'Anton Cahyono',b'AntonCa46919357',b'',9,91
1108607881136357377,b'Gavan 212',b'IwanSet13896256',b'',7,32
1141951726766850048,b'Galih_Akek',b'Galih_Akik',b'',1954,1638
737800359452631040,b'Lima Pandawa \xf0\x9f\x87\xb2\xf0\x9f\x87\xa8',b'IndoPluralitas',b'NKRI HARGA MATI\xf0\x9f\x87\xb2\xf0\x9f\x87\xa8',20299,3649
934896377317822464,b'PAMOSO\xe2\x99\xa5\xef\xb8\x8f\xf0\x9f\x87\xae\xf0\x9f\x87\xa9\xf0\x9f\x87\xae\xf0\x9f\x87\xa9\xf0\x9f\x87\xae\xf0\x9f\x87\xa9',b'JayaOpi',"b'Kalimantan Timur, Indonesia'",41,378
1176671327282810880,b'Komeng Abimanyu MC',b'KomengMc',b'',104,402
1048894317559873537,b'vega',b'ItemYopi',"b'Ciamis, Jawa Barat'",330,659
485571393,"b""I'm RAYA""",b'Jaya_Ind',b'Indonesia Raya',649,1234
214159664,b'NalaR',b'Paltiwest',"b'Medan dan Jakarta, Indonesia'",5382,540
1183046144621858822,b'\xf0\x9f\x8c\x91Nyamuk Malam\xf0\x9f\x8c\x91',b'r036_r',b'',277,327
370666870,b'the END',b'EndiWidjajaK',"b'DKI Jakarta, Indonesia'",566,358
427846082,b'MARTHIN GINTING',b'marthinginting',b'',240,834
1132743854589792256,b'\xf0\x9f\x87\xb2\xf0\x9f\x87\xa8 Zerka Sachi \xf0\x9f\x87\xb2\xf0\x9f\x87\xa8 \xe2\x98\xaf\xf0\x9f\x8e\xad\xf0\x9f\x83\x8f\xe2\x9c\xa8\xe2\x99\x8a\xe2\x99\x93\xe2\x9a\x9c\xe2\x99\xa0\xe2\x99\xa5',b'Sorasachi_',b'Indonesia Raya',850,1491
338314080,b'Anak Kolong\xe2\x84\xa2|',b'AnakKolong_',"b'Adelaide, South Australia'",8937,1085
1134604401824260096,b'RAISYAELBIX',b'RAISYAELBIX1',b'',2403,970
789913597728083968,b'Yorafaeal',b'papaiyan',b' Indonesia',530,607
1068898192677199873,b'ayu maria',b'ayumari13923487',b'',18,170
1153900434035113985,b'#Papua_of_Indonesia',b'SaPapuaSaNKRI',b'',569,171
320713130,b'Suara Hati',b'7intaPutih',b'Bandung',21289,294
86195787,b'#sayaBUKANustadz',b'akhmad_mansur',"b'Ciputat, Tangerang Selatan'",502,912
1065640046164795392,b'Andira Sagita',b'AndiraSagita',"b'Kota Manado, Sulawesi Utara'",22,188
815184102336831488,b'Sumarwoto Ndeso Pool',b'Sumarwoto18',b'',366,212
1158186367802695681,b'BackYourSelf',b'BackSelf',b'',638,773
968689934365212672,b'Robert\xf0\x9f\x87\xae\xf0\x9f\x87\xa9Moses\xf0\x9f\x92\x97',b'Robert__Moses',b'',894,658
1537930110,b'eL. krova',b'elkrova',"b'Serpong, Indonesia'",1548,2016
177891550,b'\xf0\x9f\x87\xae\xf0\x9f\x87\xa9\xf0\x9d\x93\x9f\xf0\x9d\x93\xbb\xf0\x9d\x93\xb2\xf0\x9d\x93\x96\xf0\x9d\x93\xb2\xf0\x9d\x93\xb6 \xf0\x9f\x87\xae\xf0\x9f\x87\xa9',b'realmePriGim',"b'Kota Surabaya, Jawa Timur'",112,163
191734589,b'iSoeparman',b'endoe21',b'Indonesia',228,219
1119548719869747201,b'Kora2',b'Bakul_an',b'',6,20
1183386337384099840,b'pejuang cokrobirowo \xf0\x9f\x87\xae\xf0\x9f\x87\xa9\xf0\x9f\x87\xae\xf0\x9f\x87\xa9',b'cokrobirowo86',b'',255,393
1167268507282591744,b'HMFaqih_Abdurahman',b'HmfaqihA',b'',5961,5997
1013331201396912128,b'SONTOLOYO',b'cagubnyinyir2',"b'Jakarta Capital Region, Indone'",2628,4993
745277874895130624,b'SINyo Prawiranegara \xf0\x9f\x87\xae\xf0\x9f\x87\xa9\xe2\x98\x9d\xef\xb8\x8f',b'SIntianto',"b'Semarang Selatan, Indonesia'",1666,3442
940580565568274433,b'godham',b'godham5',"b'Bandung, Jawa Barat'",156,443
1066761591830458368,b'Bre #JKW4P',b'ndaru_wardani',b'',201,495
169137355,b'Ultraman_Gingga',b'ubai_cool',"b'Kota Surabaya, Jawa Timur'",206,276
799108167170949121,b'Bersama Indonesia Maju.',b'MudasirRomini',"b'Dammam, Kingdom of Saudi Arabi'",1857,1047
1159475566069731331,b'BiLLRaY2019',b'BiLLRaY2019',b'',4721,575
1094208453935919109,b'calon KEKASIH mu',b'ag865ok',b'',91,179
1180139396550418432,b'\xf0\x9f\x85\xb6\xf0\x9f\x85\xb4\xf0\x9f\x85\xb1\xf0\x9f\x85\xbb\xf0\x9f\x85\xb4\xf0\x9f\x85\xba',b'Geblekkadrun',b'',115,79
139382629,b'PaulDj Iman',b'PaulDj_Iman',b'',772,888
378165846,b'maria siahaan',b'ahappyalone',b'',9,63
1186447282251583489,b'@sapthadiena10',b'sapthadiena10',b'',179,833
184162264,b'frida_rahardjo',b'frida_rahardjo',b'',1068,537
746241503714934784,b'Rizma Widiono',b'RizmaWidiono',b'Indonesia',49606,1699
1026208477,b'Eska Ki',b'sig4rpenjalin',b'Indonesia',558,734
894371084174147588,b'Pribumi Kawe',b'jr_kw19',b'Indonesia',29300,2316
3066477726,b'#TT paquita sebutir debu',b'paquitacumadebu',b'',1364,1673
1071607990573092864,b'apostate.anonymous',b'anonapostate',b'Indonesia',186,305
1116956565863419904,b'\xe2\x98\x863000',b'NdesoRocker',b'',36,78
1348115467,"b""What's The ... Stands For ?""",b'MichaelHarto77',"b'South East Asia, Earth  '",205,1155
191333254,b'KangDede',b'MariawanDede',b'',1682,2469
1160904091532316672,b'BarongJawi',b'Gandos_Akik',b'',968,1064
4184979312,b'Anthonius Christanto',b'anthoniuschris2',b'',986,1390
908282425,b'#NO2ISIS',b'TolakBigotRI',b'',24964,1001
1166000048833880064,b'Demank harjo 2',b'2Harjo',b'',181,252
1730758028,b'\xe6\x8d\xae\xe4\xbf\xba \xe6\x80\x95\xe5\x95\x8a\xe5\x92\xaf',b'Theking3231Juan',"b'Sumatera Utara, Indonesia'",748,895
1141849032349720576,b'Begundal Blambangan\xf0\x9f\x8c\x99\xe2\x9a\x94\xef\xb8\x8f\xf0\x9f\x87\xae\xf0\x9f\x87\xa9\xf0\x9f\x92\xaa',b'AdyRiyadi16',b'',84,152
1095970684168134656,b'biella',b'biellasafira',"b'Kebayoran Baru, Indonesia'",2,7
1175431053101559808,b'\xf0\x9f\x95\x8b',b'__MUSLIM4H__',b'Bumi Allah SWT',550,555
744769560,b'25179357\xe2\x82\xb2 \xe2\x82\xb3 \xe2\xb1\xab35053',b'69819397KLBG615',b'',1508,1571
1124587585777483776,b'R.Y.P',b'riskygapake_z',b'',19,96
714663658467565568,b'mahesa-jenar',b'hendri92189000',b'Indonesia',202,482
3015703071,b'7 Latifah',b'Nur_A90',b'Indonesia',4322,783
1077924017300881408,b'Sepion',b'Sepion18',b'',0,22
1140084771453714432,b'RizkiRamadani',b'RizkiR4madani',"b'Jawa Barat, Indonesia'",1005,951
739963690510737408,b'BaDja Is The Best\xf0\x9f\x91\x8d',b'herikus70',b'',950,1053
1137730048742400000,b'Edianto',b'Edianto05',b'Asahan SUMUT',934,1094
1106233448488800256,b'\xf0\x9d\x95\xad\xf0\x9d\x96\x86\xf0\x9d\x96\x89_\xf0\x9d\x95\xad\xf0\x9d\x96\x9a\xf0\x9d\x96\x91\xf0\x9d\x96\x91\xf0\x9d\x96\x8e\xf0\x9d\x96\x8a\xf0\x9d\x96\x98\xc2\xae\xef\xb8\x8f',b'bAd_BullieS',b'WarungKopi',344,271
3195299948,b'#Jokowi untuk #NKRI',b'YudhaMarhaen',b'Jakarta Indonesia',41,341
366987179,b'Joko Widodo',b'jokowi',b'Jakarta',12332628,60
1124910845211947008,b'Rose Senja \xf0\x9f\x8c\xb9\xf0\x9f\xa5\x80\xf0\x9f\x8c\xba\xf0\x9f\x8c\xb7\xf0\x9f\x92\x90\xf0\x9f\x8c\xba\xf0\x9f\x8c\xbb',b'Rose5025771087',b'Taiwan',297,290
3249502700,b'enthon',b'tarnosenthon',b'',58,193
3437604733,b'widarto',b'widarto72094379',"b'Malang, Jawa Timur'",324,126
1128154873025814528,b'=GarudaSakti=',b'Abdurah39009797',b'Indonesia',70,150
2457154112,b'S4nty',b'L0v3d0lph1n',"b'Carshalton, Surrey, UK'",180,244
584000582,b'Brongto',b'brongto',b'',613,537
309095282,b'E\xea\x99\xafN\xea\x99\xafY\xea\x99\xafL\xea\x99\xafO\xea\x99\xafV\xea\x99\xafE\xea\x99\xaf- 1\xea\x99\xaf',b'My_LoveNebe',"b'Ankara, T\xc3\xbcrkiye'",11880,867
771623750252978177,b'Cien',b'Cien76575748',b'',15,15
969924700913549313,b'Tony Gh',b'tony_ghozalie',"b'Bandar Lampung, Lampung'",83,183
66373583,b'rahmat kurniawan',b'rawlang',b'Indonesia',91,44
41730943,b'VIVAcoid',b'VIVAcoid',"b'Jakarta, Indonesia'",4142530,22
1160130076932861953,b'S.Anam',b'Anam08S',b'',175,325
813490681519828997,b'Permadi Arya',b'permadiaktivis',"b'Bandung, Jawa Barat'",103554,1971
1138644897777348608,b'saat tobat',b'Usep210',b'',853,814
559117864,b'romli',b'rpanggahza',b'kuningan',138,454
1131217845797306369,b'Zulkarnaini',b'bangzul_88_',"b'DKI Jakarta, Indonesia'",438,221
297773772,b'\xf0\x9f\x85\xb0nto R \xf0\x9f\x94\x86\xf0\x9f\x94\x86',b'purwantoraharjo',b'Indonesia',29,124
2549357702,b'sabar setiabudi',b'sabar_setiabudi',b'Bandung ',247,1351
91127815,b'Z\xe2\x88\x86Q!',b'mmuzaqi_',"b'Jakarta Capital Region, Indone'",403,791
1166305200082042881,b'CAH MBALELO',b'AlaUmamil',b'',440,1032
1187787563324436481,b'Putri Lullua',b'PLullua',b'',74,115
1030431347880251392,b'Black ID\xe2\x84\xa2',b'Black_lleviant',"b'DKI Jakarta, Indonesia'",642,1669
1940312713,b'adamsurtomo',b'adamsurtomo',b'',308,795
787409165593436160,b'Afif Fuad Saidi',b'AfifFuadS',b'Situbondo',21963,1209
1175441518095503360,b'Black is black',b'BlackisBlackMSS',b'Indonesia',84,150
1017758611420864513,b'ArnoldHaroRajagukguk',b'haro_arnold',b'Indonesia',2903,2973
996785208589336576,b'gabriela azzarenka pnggil aja briel (real account)',b'Azzarenkagabril',"b'Perth, Western Australia'",4851,1061
1069882398144221184,b'Michiru Anthy',b'AnthyMichiru',b'',192,111
1092760964980662272,b'ridho',b'ridho45916919',b'',34,66
1158212820862767105,b'AimNotLoss',b'AimLoss',b'',127,123
824467150765060096,b'KelianBanjar GarisKeras\xf0\x9f\x99\x85\xf0\x9f\x8f\xbd\xe2\x80\x8d\xe2\x99\x80\xef\xb8\x8f',b'KelianBanjar_GK',b'',5705,1955
181199161,b'Lily Raimun #TIM88',b'Lily_Raimun',b'Bandung',1003,1438
217471678,b'Save Indonesia',b'SaveIDN',b'Indonesia',8783,467
986215386033995782,b'Anti Kadrun ( Kadal Gurun)',b'AntiKampreT_',b'Indonesia',435,1123
1101696077147729920,b'Nakula',b'03_nakula',b'',3288,563
3012602437,b'#kitalawanrasisme',b'BirgaldoS',b'',18248,317
1158221204085325825,b'minoreloadmyaim',b'minoreloadmyaim',b'',88,102
979521074227367936,b'Nixon Parapat',b'Parapat_Nixon',b'Indonesia',11989,9278
808986896164483072,b'FRABOWO KASIAN',b'PaitanJamaah',b'',1253,811
1077578517011783680,b'\xd9\x88 \xd8\xb1\xd8\xb6\xd9\x88\xd8\xa7\xd9\x86',b'wridwan01',b'',94,240
494972033,b'Jateng_Kita',b'Gus_Raharjo',"b'Jawa Tengah, Indonesia'",65148,622
1077828751570784256,b'Sinaga Partopitao99',b'kaumreceh1',"b'Sumatera Utara, Indonesia'",190,879
923966053578706944,b'Meigie',b'Meigie6',b'',10,52
61211453,b'Rony S Manurung',b'r_suryatoga',b'Bogor',1145,1214
1125295680963006464,b'\xf0\x9f\x85\xb1\xef\xb8\x8f \xe2\x84\xb9 \xe2\x93\x82\xef\xb8\x8f',b'Pr3d4tor_09',b'\xf0\x9f\x86\x98\xef\xb8\x8f',1927,895
2600821951,b'1mulya',b'IMulya77',"b'Batam,jawa timur indonesia'",349,491
1023123862538485760,b'ber1',b'Barik63096910',b'',8,32
1896505952,b'A\xf0\x9d\x90\xab\xf0\x9d\x90\xab\xf0\x9d\x90\xa2\xf0\x9d\x90\x9e\xf0\x9d\x90\xac',b'AriestaRiico',"b'DKI Jakarta, Indonesia'",3463,3383
1172096177832988672,"b""63731206'G \xce\x9b Z'9379""",b'516429649KLBG73',b'',1316,1254
1125515899731992577,b'Didok99',b'Didok991',b'Jakarta',2,112
1139242184694104065,b'7539579G\xcc\xb7 \xcc\xb7A\xcc\xb7 \xcc\xb7Z\xcc\xb776163256',b'942428653KLBG03',b'',2030,1853
308824504,b'Mbah_Liem',b'liem_id',b'Negeri Yg Lg Berduka',22474,11964
861097005770194947,b'Blego',b'Blegodesign',b'Indonesia',105,71
821859629034409985,b'Kakek Satire',b'KakekHalal',b'Flores - NTT - Indonesia',13700,3244
68353180,b'dis',b'yudisiyudis',b'Jakarta',1168,1797
1113036793320894467,b'Jeremy Hartawan Iskandar',b'HartawanJeremy',"b'George Town, Pinang'",219,349
1069610126,b'RUMAH SAKIT GILA',b'PasienGila',b'kNOWwHERE',1257,545
416236647,b'rudi manurung',b'rudi07_matt',"b'Sidoarjo, Indonesia'",32,257
60619920,b'digembok e-nya tiga',b'digeeembok',b'Mayasari Patas AC 117',25387,35
1125952647008141312,b'NKRI',b'gorontalo01',"b'Denpasar Selatan, Indonesia'",8,20
1118535776805933056,b'ENDRY ERLANGGA',b'EndryErlangga',b'',863,805
2574395252,b'Ce2p Sugiono #BEJO & #HOKI',b'ccpsugiono',b'Depok_Jabar',575,1283
720551311469481985,b'Bertobat',b'scorpiorsl',"b'Wedomartani Sleman, Indonesia'",111,152
1008387337305317377,b'Hendro Suseno',b'ddwihendro',b'Indonesia',151,260
859331001717112832,b'Samhudi Bhai',b'samhudibae',"b'DKI Jakarta, Indonesia'",488,182
1150044497952120833,b'Joya',b'Joya96645332',b'',20,74
1120354080465903617,b'\xf0\x9f\x92\x99 baby alien \xf0\x9f\x92\x8c\xf0\x9f\x8c\xbf\xe2\x9a\x99\xef\xb8\x8f',b'playground78910',b'Twitterland \xf0\x9f\x92\xad\xf0\x9f\x97\xaf\xef\xb8\x8f\xf0\x9f\x97\xa8\xef\xb8\x8f\xf0\x9f\x92\xac',1822,2334
2887042249,b'M.H \xf0\x9f\x87\xb2\xf0\x9f\x87\xa8 Netizen Indonesia \xf0\x9f\x87\xb2\xf0\x9f\x87\xa8',b'miftahhudaID',"b'Jawa Timur, Indonesia'",1990,1834
1103244392372948993,b'\xe2\x98\xa0\xf0\x9f\x85\xbf\xf0\x9f\x85\xb0\xf0\x9f\x85\xb8\xf0\x9f\x85\xb9\xf0\x9f\x85\xbe\xef\xb9\x8f\xe2\x9c\x8d\xf0\x9f\x87\xae\xf0\x9f\x87\xa9',b'andri_c1AB',b'DEIYE',1478,1012
908848148398743552,b'Efraim Silitonga',b'SilitongaEfraim',"b'Kota Padang Sidempuan, Sumater'",176,342
908972200727781376,b'Nur Cahyo',b'NurCahy65252860',b'',32,220
1125084360217059329,b'Doni Febrian',b'DoniFeb13265445',"b'Batang, Indonesia'",13,161
2793669742,b'Subair Silaleng',b'bairpunya',"b'Kota Makassar, Sulawesi Selata'",196,612
1155161082584940544,b'\xe5\x90\x88',b'alea7101',b'',25,81
925979383055106049,b'\xe2\x9c\xb3\xef\xb8\x8fS_B_N\xe2\x9c\xb3\xef\xb8\x8f',b'SbnYanto',b'',93,184
1046228639610617856,b'Kianinara',b'kianinara1',b'Antara Jakarta dan Surabaya',458,181
1187579088728293377,b'Ayahnya dito\xf0\x9f\x87\xb2\xf0\x9f\x87\xa8\xf0\x9f\x87\xb2\xf0\x9f\x87\xa8\xf0\x9f\x87\xb2\xf0\x9f\x87\xa8',b'Ditoaja6',b'',381,883
980790857879072769,b'dlur',b'wjantoo',"b'Kota Surabaya, Jawa Timur'",53,141
1187296074588807170,b'eLL\xf0\x9f\x87\xae\xf0\x9f\x87\xa9\xf0\x9f\x92\xaf',b'ellstormy',b'Depok',303,137
1110513312196771841,b'Maranatha \xf0\x9f\x87\xae\xf0\x9f\x87\xa9',b'7brn_Natharin',"b'Kota Dumai, Riau'",1010,1714
823915790273429504,b'Agus Waluyo',b'A6U5_W',"b'Makasar, Indonesia'",80,149
1187338617611407360,b'Zaen Bendo',b'zaenalkase03',"b'Benda, Indonesia'",243,439
704417576,b'juan',b'junyantho1',"b'kayangan.klu,ntb,indonesia'",329,1057
814782428665364480,b'Agus Sangiel(Abisatya)',b'AgusSal52',"b'Tanjung Morawa, Indonesia'",180,490
1157107383673339904,b'Zulkifli',b'ZulkifliJantan',b'',390,713
913959747296018432,b'\xe2\x99\xbb\xef\xb8\x8fJURAGAN RONGSOK \xf0\x9f\x86\x94\xef\xb8\x8f\xf0\x9f\x87\xae\xf0\x9f\x87\xa9\xf0\x9f\x87\xaf\xf0\x9f\x87\xb5\xf0\x9f\x92\xb5\xf0\x9f\x92\xb4',b'shinichi8889',"b'Saitama City Urawa Ward, Saita'",842,460
1169134508525936645,b'mr.travis',b'travizborland',b'',7,71
2872998758,b'Angel',b'enny_endah',b'Tangerang selatan',8856,4789
1112650356138229760,b'MAKNYUS',b'Openmind_yok',b'',360,530
348538375,b'kamil mubarok',b'KamilMubarok',b'Jakarta',61,42
1155009490514669569,b'\xf0\x9d\x91\xb7\xf0\x9d\x92\x82\xf0\x9d\x92\x94\xf0\x9d\x92\x8a\xf0\x9d\x92\x93 \xf0\x9d\x91\xb7\xf0\x9d\x92\x96\xf0\x9d\x92\x95\xf0\x9d\x92\x86\xf0\x9d\x92\x89 \xf0\x9f\x90\xb2',b'Apriil68',"b'Sulawesi Tengah, Indonesia'",982,810
1037057962865438720,b'Ramlan',b'Ramlan89825796',b'',52,173
1123569046421565442,b'Phytonkdi',b'Phytonkdi1',b'kendari',3,28
731127516883095552,b'mimaciaen',b'MimMimaciaen',b'Indonesia',492,308
1866666954,b'fatimah azza',b'McFatimah',b'',701,1252
1177553682075811840,b'\xf0\x9f\x8c\xab\xef\xb8\x8f\xc2\xae\xef\xb8\x8f@ky@t Je\xc2\xa3@t@ \xf0\x9f\x8c\xab\xef\xb8\x8f',b'PensiunanRambo',b'Indonesia',175,336
2273954322,b'Pancasila Dasar Negara',b'YgGregory',b'',3099,1252
1166998294301593600,b'goenhpm',b'goenhpm',b'',13,99
855630059096252416,b'Nadrea \xf0\x9f\x92\x97\xf0\x9f\x87\xae\xf0\x9f\x87\xa9',b'nadreaselta',b'Bumi Pertiwi \xe2\x9d\xa4\xef\xb8\x8f',2224,954
1150809206036938752,b'\xf0\x9d\x91\xa9\xf0\x9d\x92\x82\xf0\x9d\x92\x95\xf0\x9d\x92\x8a\xf0\x9d\x92\x8c \xf0\x9d\x91\xba\xf0\x9d\x92\x90\xf0\x9d\x92\x8d\xf0\x9d\x92\x90 \xf0\x9f\x90\xb2',b'Ariess67',b'',536,591
2610469130,b'Robin arek loss ga rewel',b'BayuajiRobin',b'',69,508
1074974051045523456,b'TigerShark\xf0\x9f\x8f\x84\xe2\x80\x8d\xe2\x99\x82\xef\xb8\x8f',b'BuuloloArianto',b'Sorake beach ',4108,1897
2783528108,b'\xd2\x9c\xce\x94\xce\xa0G\xf0\x9f\x8f\xb4CIR\xce\xa3\xce\xa0G#\xce\xb21G\xd2\x9c4\xce\xa8#\xce\xa0\xd2\x9cRI#BAD_BOY \xf0\x9f\x87\xae\xf0\x9f\x87\xa9\xf0\x9f\x87\xad\xf0\x9f\x87\xb0\xf0\x9f\x87\xb8\xf0\x9f\x87\xac\xf0\x9f\x87\xba\xf0\x9f\x87\xb8',b'_______B1G__k4y',b'Switzerland',8866,2516
1104627987339665409,b'We\xf0\x9f\x92\x97Papua #88\xf0\x9f\x87\xae\xf0\x9f\x87\xa9',b'Aktivis4772',b'',517,1142
2720597106,b'Ahmad Gunawan',b'ahmagun13',"b'Oklahoma City, OK'",248,346
973785566461521921,b'dien722',b'eka_dini722',"b'Malang, Jawa Timur'",1235,1361
567199320,b'ANTI Made-in China',b'Nofrindra',b'Indonesia',2033,962
1107920557,b'Ahmad CAA',b'ahmadthreeten',"b'Kalimantan Timur, Indonesia'",133,344
1045962107085238272,b'taher',b'taherjuniors',b'',134,397
1081750187637276672,b'Penikmat Kopi #MerahPutih',b'MustaanAli4',"b'Lombok Barat, Nusa Tenggara Ba'",225,433
1092474576062173186,b'Setan Garis Lucu',b'setangarislucu',b'Universitas Setan Garis Lucu ',37148,364
1569342572,b'akhmad sahal',b'sahaL_AS',"b'Philadelphia, Jakarta, Jepara'",220912,7779
913626163175612416,b'pakdepipin',b'Pakde688668',b'',152,86
941867945470263296,b'AMuza',b'A_Muzamm',b'Indonesia',60,138
1074827774735482880,b'Ayu-Nesia',b'AyuJavaNesia',b'',2473,721
834268510939287552,b'Aprilia',b'ApriliaLin',"b'DKI Jakarta, Indonesia'",22884,1142
1156754943291711489,b'My Name Is Khan',b'kill_khilafah',b'',310,130
1422851274,b'Salamun Budiono',b'SalamBudi1',"b'Jawa Timur, Indonesia'",630,1227
2835063337,b'D-14-NS',b'diansuwandi90',b'',207,597
1186475460760203265,b'Nell',b'nelmora7',"b'Jawa Barat, Indonesia'",0,27
2893722694,b'\xe2\x8c\x90\xe2\x95\xa6\xe2\x95\xa6\xe2\x95\x90\xe2\x94\x80empe Mend\xe2\x97\x8f_\xe2\x97\x8fan',b'Tasun_paw',b'',6,168
938565739543347201,b'Jessica Federick',b'Nouna_jessica94',b'Singapore',243,442
18071520,b'ANTARANEWS.COM',b'antaranews',"b'Jakarta, Indonesia'",1084238,36
1094292778601705472,b'ADI SUJONO',b'ADISUJONO01',b'',168,691
969582544415895552,b'Amira sugiono',b'amirasugionoatu',b'',106,140
2282301228,b'Inu Nugraha',b'nugraha_911',b'',69,222
1057158238779539456,b'CatatanKakiHati',b'catatankakihati',b'Indonesia',817,623
1131548333745377280,b'Sisiux',b'Tutup_Teko',"b'Jawa Barat, Indonesia'",144,249
1097498258346172419,b'P Maranatha Siburian\xf0\x9f\x87\xae\xf0\x9f\x87\xa9',b'P_7brn',"b'Kota Dumai, Riau'",2419,4055
1153193048039231488,b'Kill Khilafah',b'DieKhilafah',b'',381,104
137306133,b'aditya budi pratomo',b'aditya_bp',b'',8,24
1185860510543052800,b'sambel kemangi 2',b'Mujir1922',b'',284,458
1261880641,b'nunuk k agung',b'nunuk_agung',b'',0,98
799023207294504960,b'PUTRI CEBONG',b'WR_4AG226',b'Sweet home',35994,5604
1955633808,b'ACI (Aku Cinta Indonesia)#PancasilaBentengNKRI',b'kencono_wahono',"b'Jatiasih, Indonesia'",553,748
43486890,b'NEG',b'negativisme',b'Indonesia',154160,69
4505619192,b'ARLJ #88',b'ARLJ4',b'Indonesia',541,1360
907928837534605312,b'Hadisang',b'Hadisang70',b'Sanglor Girisuko Panggang GK',1094,2313
1118688695178027008,b'Mr.UNICORN \xf0\x9f\x87\xae\xf0\x9f\x87\xa9\xf0\x9f\x87\xae\xf0\x9f\x87\xa9\xe2\x9d\xa4\xef\xb8\x8f\xf0\x9f\x87\xae\xf0\x9f\x87\xa9',b'henrijova',b'',3396,1344
1167815008241143808,"b'Islam itu Adil, Pedang Keadilan'",b'YEngran',b'',109,571
273316428,b'Akeella',b'akeella_aja',b'Jakarta Pusat',541,657
825128423186067456,b'Caswani Noor',b'jackcmnoor',"b'Kota Tangerang, Banten'",199,285
907118613009539073,b'Cepod -aki2 mangprang-Caesarpackage',b'caesarpackage',b'',46,246
2965497920,b'nova permana',b'novapermana8',b'',175,221
1146263583870935040,b'WayahAnom',b'PurwonoAgus2',b'',370,698
2933993652,b'Zanuar bagus',b'zanuarbaguss',"b'Jawa Tengah, Indonesia'",10,87
184052614,b'F. Tanjuang',b'Ftanjuang75',b'Negeri 1001 Pulau',680,1247
1160559474639114241,b'We\xf0\x9f\x92\x96Papua #88\xf0\x9f\x87\xae\xf0\x9f\x87\xa9',b'Pendekar4772',b'',384,697
1312514755,b'Don Adam',b'DonAdam68',"b'Seattle, WA'",35852,2040
3253266487,b'#GustiOraSare',b'Elina_Vay',b'',17754,837
1175285785420914688,b'Natharin #88\xf0\x9f\x87\xae\xf0\x9f\x87\xa9',b'Pion_GA',b'',97,163
1141006943789539328,b'Abimanyu',b'abimanyu_seno',"b'DKI Jakarta, Indonesia'",35,49
462541490,b'mirkalimas',b'Sumeer_kalimas',b'DKI Jakarta',106,452
1112082707176013824,b'\xf0\x9f\x94\xb0 IG: Putry \xf0\x9f\x95\x8a\xef\xb8\x8f',b'IG_Putry',"b'Jl. Ahmad Yani KM. 4,5 '",3665,866
2415187332,b'#SaveIndonesia',b'EguhW',b'Indonesia',200,480
1175289100020043776,b'proNKRI #88\xf0\x9f\x87\xae\xf0\x9f\x87\xa9',b'Sawi_GA',b'',89,147
906214789025693696,b'Monika(tapi ga nikah2)',b'onwat29',b'',401,1428
43920872,b'Ochi',b'dorseysilalahi',b'Jakarta',815,1294
1053558380101492738,b'Natharin \xf0\x9f\x87\xb2\xf0\x9f\x87\xa8',b'7brn_Maranatha',"b'Kota Dumai, Riau'",824,2295
100421650,b'Dedonc',b'dedonc',b'',106,91
1026464498087907328,b'Abdurahim817',b'Abdurah36353227',"b'Kota Bandung, Jawa Barat'",9,46
873016206617268225,b'l \xe2\x99\xa5\xef\xb8\x8f Indonesia',b'mujilah64',b'',381,610
1186900795884617728,b'RIA PROJO',b'ProjoRia',b'',201,186
4856195497,b'Arti',b'ArtiHar',b'',113,168
1184816453079355398,b'Andreas Ady',b'Andreasady666',b'',97,183
1175824339163217921,b'putune semar \xf0\x9f\x87\xb2\xf0\x9f\x87\xa8',b'putunesemar201',b'Indramayu',62,188
316894981,b'omi.casano(\xec\x98\xa4\xeb\xaf\xb8 \xec\xb9\xb4\xec\x82\xac\xeb\x85\xb8)',b'omicasano',b'\xec\x9d\xb8\xeb\x8f\x84\xeb\x84\xa4\xec\x8b\x9c\xec\x95\x84',20,185
996430987423723520,b'\xe1\xb4\x8b\xe1\xb4\x80\xe1\xb4\xa1\xe1\xb4\x80\xc9\xb4\xe1\xb4\x80\xc9\xb4 \xca\x80\xe1\xb4\x80\xe1\xb4\x8a\xe1\xb4\x80',b'kawananraja',b'Indonesia',2505,3128
139993649,b'\xf0\x9f\x87\xae\xf0\x9f\x87\xa9\xf0\x9f\x8e\x9b\xef\xb8\x8f\xf0\x9f\x8e\xb6\xf0\x9f\x8e\xb8\xf0\x9f\x8e\xbc Jokowi Presiden NKRI \xf0\x9f\x8e\xbc \xf0\x9f\x8e\xb8\xf0\x9f\x8e\xb6\xf0\x9f\x8e\x9b\xef\xb8\x8f\xf0\x9f\x87\xae\xf0\x9f\x87\xa9',b'wansenk_ajah',b'Neraka jahanam',4444,1429
1164819690931179521,b'@davidruslie',b'david71552712',b'Solo',179,1016
259727389,b'Yadi Asparto Ngalim',b'Yadi__Asli',"b'Jakarta, Indonesia'",105,450
1261419955,b'KUMAHA UING #RakyatAkalSehat#',b'RudyMobilindo',"b'Kota Manado, Sulawesi Utara'",555,478
282006208,b'Mahfud MD',b'mohmahfudmd',b'Jakarta',3095547,653
1176534524525600768,b'Esteholic',b'Esteholic1',b'',3,10
997541963170631680,b'YT\xf0\x9f\x87\xb2\xf0\x9f\x87\xa8',b'yitno32108795',b' Jawa Timur',551,644
1158409955407327234,b'Paimin Sastro',b'paimin_sastro',b'',138,257
1168779449791205376,b'Zulliyan',b'Zulliyan2',b'',145,329
476545212,"b""Onno' Gammara09""",b'OnnoGammara09',"b'Solo,Indonesia'",43,110
924915098803568640,b'PANGLIMO BATUAH',b'panglimobatuah',b'',2084,368
1028230241917890560,b'Binsar Ritonga',b'Binsar_serbundo',"b'Kalimantan Timur, Indonesia'",171,319
1047283271376097281,b'Ute@nk',b'Ute58221550',b'',180,210
980428609721532416,b'Tabitha',b'januaryindah77',b'',13,82
1186299703350063104,b'\xe2\x88\x86 Alain Schmidt \xe2\x88\x86',b'AlainSchmidt4',b'',109,137
286552780,b'TSW',b'sariwiti',b'In your heart...',114,103
1176094216012718080,b'Dojo9070',b'lorringrot',b'',9,20
1048359693511319552,b'SoEda\xc2\xaen0 \xf0\x9f\x87\xae\xf0\x9f\x87\xa9\xf0\x9f\x90\xb8\xf0\x9f\x87\xae\xf0\x9f\x87\xa9',b'SuDarNo73409612',"b'Pondok Aren, Indonesia'",104,131
1049171537922744322,b'Muhammad Tuhasan',b'MTuhasan',b'Tarjun ',166,827
807941894,b'Herman Chou',b'73hermantrio',"b'Indonesia, Surabaya'",322,715
947050017033936896,b'AR3K_3DAN_\xf0\x9f\x99\x8f',b'5Y5_one_70',"b'Kota Surabaya, Jawa Timur'",6013,1347
1008544841712599040,b'\xf0\x9f\x8c\xb7\xf0\x9f\x8c\xb9WONG\xf0\x9f\xa6\x8bOSENG\xf0\x9f\x8c\xb9\xf0\x9f\x8c\xb7',b'Rusty12087384',"b'Banyuwangi, Indonesia'",852,735
1082354873474068480,b'Muin Alfaruq',b'Alfaruqo',b'',21,97
1920506059,b'\xf0\x9f\x87\xae\xf0\x9f\x87\xa9 Pangeran Gangsa\xf0\x9f\x92\x95',b'gus_al_diajie',b'in your hart',2792,1761
706878438506831872,"b""Buronan Izro'il""",b'bangqomar24',b'Rembang',67,278
966840403960905728,b'Mama Ine #88\xf0\x9f\x87\xae\xf0\x9f\x87\xa9',b'hatehti',"b'Jakarta Barat, DKI Jakarta'",1410,1302
896040119848665088,b'\xc2\xaeTHE PUNISHER\xc2\xae',b'P4ND3_R4j415',b'In The World',2204,1978
3316102513,b'Duo Badut Pekok #88 \xf0\x9f\x87\xae\xf0\x9f\x87\xa9',b'Khairaniss',b'',395,485
372657358,b'Yoyon Enindyo \xf0\x9f\x87\xb2\xf0\x9f\x87\xa8\xf0\x9f\x87\xb2\xf0\x9f\x87\xa8ProNKRI',b'yE_Nindya',b'Indonesia',1646,2727
1061188894606090242,b'GARIS ( / )',b'Bams_1eng',b'WIKA',883,460
1076417693350223872,b'Uniqueucle@2069',b'uniqueucle',b'jakarta',483,319
2687473422,b'Dewa budiartha',b'budiarth4',"b'Blue Earth, MN'",431,1778
1105346085097095168,b'CINTA NKRI #Damaiituindah\xf0\x9f\x91\x8d.StopHoaks/Fitnah.\xf0\x9f\x91\x8d\xf0\x9f\x99\x8f',b'DedyFasya',"b'NangroAcehDarussalam,Indonesia'",1127,3170
126581531,b'ronniy.Soen-Ierem\xc3\xadas',b'RonniySoen',b'jakarta',162,225
1188030089096646657,b'Basman007',b'Ranu0011',b'',10,58
1090639672206741504,b'Dwi nardie\xf0\x9f\x87\xae\xf0\x9f\x87\xa9',b'nar_dwi',b'',1209,832
839039853702455296,b'Multimedia Polri',b'PolriMultimedia',b'Jl. Trunojoyo no.3 Jaksel ',18099,46
3277134913,b'Banny Gawan Kusuma',b'BgawanKusuma',"b'Jawa Barat, Indonesia'",603,199
1110984742587908096,b'Winda Suciwati',b'SuciwatiWinda',"b'DKI Jakarta, Indonesia'",22,86
4807345754,b'DonVincente',b'vincent_bero34',b'Jakarta ',260,706
791144892084973570,b'Revo',b'revofebri',b'',368,515
1169927374504251392,b'Papua Region of Indonesia',b'PapuaRegion',b'',73,134
1137220155702800385,b'Zakariya',b'Zakariy27592091',b'',206,1127
771662663466094592,b'Roelly Rosuli',b'RoellyRosuli',"b'Banyuwangi, Indonesia'",690,986
949228958,b'Lekdon',b'frankarjun',"b'Kendal, Indonesia'",120,607
1081149796503543808,b'Randall',b'Randall44068834',"b'DKI Jakarta, Indonesia'",423,796
105991988,b'gelangbesiphotoworks',b'gelangbesi',b'',418,906
712801315022196737,b'Hongky',b'hongkiy1',b'',4187,1626
91040303,b'Alfiansyahfahri',b'Alfiansyahfahri',"b'Kota Medan, Sumatera Utara'",237,667
1144772185229160449,b'Wong Angon Ati',b'WongAngonAti',b'diatas bumi dibawah langit',476,1030
1166578278192353282,b'putri thania',b'putrithania5',b'',219,190
1137990655660023809,b'Dicky',b'Dickusnadi1',b'',1470,232
1054226122601189376,b'Ninik',b'Ninik65292535',b'',27,35
4185932361,b'Ariati Indriani',b'ariati_indriani',b'',64,114
1095157492554711040,b'Militan Garis Lurus',b'MilitanGL',"b'DKI Jakarta, Indonesia'",1073,121
829341895587278848,b'LoveTAOTOBA',b'lovetaoT0BA',"b'Kota Surabaya, Jawa Timur'",1093,1228
899597703058817024,b'Cecilia Suwanda',b'CeciliaSuwanda1',"b'Jakarta Capital Region, Indone'",475,102
967015200732856321,b'Taufiq R',b'TaufiqR7471',b'',26,68
840927057974460416,b'Nunung Maryana',b'MaryanaNunung',b'',226,671
1100640235,b'dika pramono',b'dikapradik',"b'Makarti Jaya, Indonesia'",70,187
1154317458645274624,b'\xe8\xb3\x8a\xe5\x81\xb6\xe5\x96\x94',b'BuNg4_Troto4R',b'',87,272
226827468,b'maskusumo',b'maskusumo',b'',2588,2562
1187944617997504512,b'ArmijnF',b'FArmijn',b'',23,117
3947832076,b'HTI is Enemy',b'FPIcurutHTI',"b'Cicurug, Indonesia'",656,249
3603643274,b'N Alexendry Tang',b'NannyAlexendry',b'',1563,1345
134722387,b'D. Kusnandar',b'dekakusnandar',b'Cibubur Jakarta ',233,942
102940133,b'Hendra',b'hendrasofy',b'samarinda',79,221
1118729700715536384,b'...whatever...',b'faith_papih',b'',171,236
1180541549643304960,b'David Wijaya',b'DavidWijaya82',b'',1314,2031
1154548738683072513,b'kartika2204',b'kartika22041',b'',4,55
406878535,b'Bali Transport',b'AntokPrinter',b'Denpasar',237,605
757966369610604548,b'Anti Kadrun',b'ellys_kerhi',b'Batam',834,531
760429026422890496,b'Muhammad Rifai',b'mrifai2016',"b'Kota Metro, Lampung'",38,144
1588330285,b'#HidupTuWolesAja',b'kopigulamerah',b'Bandoeng',356,666
153203250,b'FLOBAMORA KU TERCINTA',b'MasihYGKemarin',b'Indonesia',1633,1684
4751611508,b'Dedi',b'DediTeulih2016',"b'Depok, Indonesia'",591,1076
101114494,b'\xf0\x9d\x90\xa6\xf0\x9d\x90\xa2\xf0\x9d\x90\xac\xf0\x9d\x90\x9d\xf0\x9d\x90\xb2 \xf0\x9d\x90\xa1\xf0\x9d\x90\x9a\xf0\x9d\x90\xab\xf0\x9d\x90\xab\xf0\x9d\x90\xb2',b'misdyharry',b'Lumajang - Malang PP',72,182
1174624710493003776,b'Novandy Mulyadi',b'NovandyMulyadi',b'',1,7
1187327915031060480,b'Wira Carita',b'WiraHad56242834',b'',4,11
1156957683141865472,b'Warior',b'TangguhWarior',b'',326,622
3546694994,b'Nudien',b'Hunsnudin_as',b'batang jawa tengah',582,770
3253043132,b'#88 \xf0\x9f\x87\xae\xf0\x9f\x87\xa9\xf0\x9f\x87\xae\xf0\x9f\x87\xa9 MOTHERGOOSE \xf0\x9f\x87\xae\xf0\x9f\x87\xa9\xf0\x9f\x87\xae\xf0\x9f\x87\xa9',b'ZaraFaul',"b'Bali, Indonesia'",936,1076
1150223331984990208,b'Tukang Slepet\xf0\x9f\x90\xb0\xf0\x9f\x90\xb0',b'TSlepet',b'',170,247
1086881742810603520,b'S t A r L e t',b'nikko69003191',b'',375,268
1080801390924988417,b'Wulan Mz',b'Wulan34672220',b'',231,155
581959185,b'Deasy Caroline',b'DeasyDeladima',b'Indonesia',59,478
1165851049485193217,b'Bunga Citra',b'BungaCi87679349',"b'Bandung, Jawa Barat'",3,23
943127411670913024,b'The Indonesian One',b'theindnesianone',b'Manado',6,4
949862500882771968,b'\xf0\x9f\x87\xae\xf0\x9f\x87\xa9Nur Syahbana\xf0\x9f\x87\xb2\xf0\x9f\x87\xa8',b'NurSyahbana9',b'',6501,4412
1161293573221957634,b'Naliko Semono',b'BusroWidodo',b'',25,88
943829985281765377,b'vincent',b'AvalonVick',b'Indonesia',16,110
1129253492235706368,b'Wilda Siti Gino',b'GinoSiti',b'',83,210
1959596444,b'jai',b'eyang177',b'NKRI',196,366
874256092280176641,b'Hajime Kindaichi',b'Ha_Kindaichi',b'Time line',1588,1010
1133531817938640897,b'Jullia Agnesia2',b'JulyJullia19',b'Jakarta - Indonesia',1061,911
913386107487653889,b'Acassh',b'Acasshbro',"b'Tangerang, Indonesia'",5,110
1117759659111112704,b'Kli Wetan',b'KliWetan',b'Indonesia',24,89
960859844700852226,b'D\xe2\x80\x99Equalizer#BuzzerNKRI',b'DEQLZ1012',b'',141,172
250967153,b'Syokibhi',b'Kasraleasifa',b'Sumbing Mountain',423,278
1051505624125587456,b'Penjilat',b'joni_DDP',b'',300,408
957136247360602113,b'PUJANGGA',b'pujangga1123',b'Stay In You Heart',10500,930
387503902,b'Ustad_Alkadruni',b'2019Stmj',b'surabaya',2053,1976
2504248303,b'#IndonesiaMaju',b'fatmawati2014',b'Dlm hati org yg menyayangiku',117,221
17128975,b'CNN Indonesia',b'CNNIndonesia',b'',462956,29
930221061773213696,b'\xc3\x9f\xc3\xa5\xc3\xb1g k\xc3\xb0\xc3\xbe\xc3\xaf',b'seleb_berita',b'Indonesia',326,330
1111923707692236802,b'Fredie Coffe Lovers',b'FrederickDukunz',b'',5,30
1474419126,b'Andy_Dee',b'AndyArch77',b'',2095,335
369258232,b'Heri Maldini',b'HenryMilanisti',b'Indonesia',49,53
1097447838944882688,b'Cinihiya Efendi',b'cinihiya',"b'DKI Jakarta, Indonesia'",34,122
1166281862513168384,b'JohnWick',b'JohnWick1127',b'Jakarta',42,215
2668957766,b'H. Purwanto',b'humilisclub',"b'Solo, Nusa Tenggara Timur'",37,273
1076768586461470721,b'naromubira',b'naromubira1',b'',524,433
754652093672067072,b'Kosim Matkasah \xf0\x9f\x87\xae\xf0\x9f\x87\xa9',b'KosimMatkasah',b'Jawa Tengah',551,546
72468238,b'Nur Haryanto',b'nurharyant',"b'Depok, Jawa Barat'",94,111
1137166623704473600,b'Coffee Addict\xc2\xae',b'coffeeandme_',b'Terowongan Casablanca',1102,1199
1160487518942351360,b'North\xf0\x9f\x90\xa6\xf0\x9f\x90\xa6Blue',b'NorthBlue12',b'',90,88
1153221886123266048,b'Kentang#88\xf0\x9f\x90\x85\xf0\x9f\x90\x85',b'88Kentang',b'',176,205
1697937738,b'MIL',b'BerandalMiemie2',b'Jawa Tengah',197,278
825004726638907392,b'RIP PENEGAKAN HUKUM!!!',b'haluanghabang',"b'Jakarta Capital Region, Indone'",20,49
952871544769847296,b'Tapak Liman',b'aryokendhil1',b'NKRI',61,201
1136791242631573504,b'\xf0\x9f\x87\xae\xf0\x9f\x87\xa9BU LURAH\xf0\x9f\x92\xaf \xf0\x9f\x92\x99\xf0\x9f\x87\xae\xf0\x9f\x87\xa9',b'Sofy_Beeeeee',"b'Pandeglang, Indonesia'",7296,1798
1145238991869845504,b'Tyas',b'TyasZain',b'',272,143
969405988901076993,b'Sadewa',b'dB1FPMtVDPmCY5R',b'',1850,4081
1186465121469493248,b'Brivan',b'rkecil38373663',b'',100,285
706662267937386496,b'ariesan@budhi',b'budhiariesandi',b'Indonesia',4473,342
936839457600188417,b'akunoname',b'Musmawati2',"b'Kota Surabaya, Jawa Timur'",176,390
1143679985980452864,b'Dwitaanggraeni73',b'Dwitaanggraeni3',b'',1002,690
1087588796479070208,b'Syanaz',b'Nita58490695',b'',614,727
1017067850329088000,b'Adli Furqan',b'yazid_fadhlan',"b'Kota Bukittinggi, Sumatera Bar'",552,1289
4670591594,b'Jas_Sikumbang',b'Jas_Sikumbang',"b'Kota Pariaman, Sumatera Barat'",344,1356
1130368637666095105,b'Andy',b'kjtbbbb',b'',198,569
186367416,b'gEnd3rUw0',b'Hendrasugandi',b'',244,458
2492285912,b'Temmy',b'Putra_Sangihe',b'\xe8\x8c\xa8\xe5\x9f\x8e \xe7\x9c\x8c \xe6\x9d\xb1 \xe8\x8c\xa8\xe5\x9f\x8e \xe3\x81\x90\xe3\x82\x93 \xe5\xb0\x8f\xe5\xb7\x9d\xe7\x94\xba  \xe3\x81\xae\xe3\x81\xa0 152-2',445,335
1140918945798430721,b'stephennyangsangnangkali',b'RahmadA26900740',b'',155,365
1123578397198700544,b'MoNo gArJom',b'GitaTropika',b'',566,613
68311814,b'Jeni Ly',b'Je_Ly',b'Indonesia',11659,947
867884188170469376,b'Pemburu Kadal Gurun',b'Pemburu_Kadrun',b'Indonesia',549,275
241966405,b'Arif FR',b'Arif_fcr',b'NKRI',127,884
598144173,b'deimotosan (H\xc4\x93i j\xc4\xab s\xc4\xab w\xc3\xa0n tu\xc5\x8d) Bta.SI',b'kis_1_to',"b'Serang, Indonesia'",69,253
36042037,b'J\xcc\xb6a\xcc\xb6k\xcc\xb6S\xcc\xb6t\xcc\xb6a\xcc\xb6R\xcc\xb6 \xe2\x86\xaa\xf0\x9f\x93\xb7\xe2\x86\xaa',b'JakartaStar',b'Antara Banjir KanaL',1931,4878
2873132454,b'alexsius reborn',b'torock908109',b'malang citizens',931,6
1102024795590258689,b'Bakul pasar 1M',b'BakulAnak',"b'Yogyakarta, Indonesia'",473,541
1173546073224122368,b'Purnawarman Nasution',b'P_Eneste',"b'Kota Payakumbuh, Sum-Bar'",554,490
3167189054,b'Mohamad Yanto',b'm_yanto_baemo',"b'\xd9\x85\xd9\x83\xd8\xa9 \xd8\xa7\xd9\x84\xd9\x85\xd9\x83\xd8\xb1\xd9\x85\xd8\xa9, \xd8\xa7\xd9\x84\xd9\x85\xd9\x85\xd9\x84\xd9\x83\xd8\xa9 \xd8\xa7\xd9\x84\xd8\xb9\xd8\xb1\xd8\xa8\xd9\x8a\xd8\xa9 \xd8\xa7'",562,668
1187324500724989952,b'AY91',b'AY9162800209',b'',0,0
1302768277,b'dito_hutomo',b'liongfirman',b'',110,147
752957252630220800,b'#san\xc2\xb3\xe2\x84\xa2\xf0\x9f\x87\xae\xf0\x9f\x87\xa9',b'kentsan168',b'Indonesia',303,290
1035758255530696704,b'DWARAPALA',b'ByuCyd',b'',634,1218
906944400290279425,b'anakautis',b'Mamanbotok2',"b'Cirebon Selatan, Indonesia'",36,307
1182336119058288640,b'Amin Van Burem',b'BuremVan',b'Cilegon',835,1213
986283820050558976,b'joe paijoe',b'WongNdesoKuper',b'',364,153
803550633592635392,b'Bhenytarika28',b'bhenytarika28',b'',99,110
154435354,b'@Mr_F\xf0\x9f\x91\x88',b'Mr_Faisz56',"b'DKI Jakarta, Indonesia'",475,3225
802835279723708416,b'Lina Ogie',b'Herlina_ogie',b'',1081,446
3232782020,b'djoko',b'djoko1987s',"b'Singaraja, Bali'",222,216
4359121045,b'Steph',b'stephmst',b'',34,78
937088892569763840,b'@gaudenz',b'solango_gaudenz',"b'Nusa Tenggara Timur, Indonesia'",174,949
1101139587630419968,b'freeneemo',b'freeneemo',b'',5,38
727866124138733569,b'\xf0\x9f\x92\x8dSuzli',b'suzli05',b'',2246,2804
1057998852639182848,b'macan betina',b'BetinaMacan',b'',16,42
831098272886329345,b'Mindo Rosalina',b'rosamindo',"b'Setia Budi, Indonesia'",128,174
166554998,b'#Ansorockboyo',b'rizamsyafiq',b'Indonesia',2310,1868
1151471621137321986,b'Mamai Darling',b'MamaiDarling',b'',91,93
1162710988560297984,b'candra putra',b'candrap63421909',b'',239,284
1078554222252023808,b'Cak Mugik',b'CakMugik',"b'Kota Surabaya, Jawa Timur'",43,316
1084626034429808641,b'givie zatria',b'givzas',"b'DKI Jakarta, Indonesia'",112,317
1186493399685160960,b'Ondel_Ondel',b'bangajoen',b'',62,257
2557598088,b'UmmyChasan#88',b'ummychasan',b'',1366,1074
1176477084039839744,b'\xf0\x9f\x87\xae\xf0\x9f\x87\xa9Kang Baso\xf0\x9f\x87\xae\xf0\x9f\x87\xa9',b'KangBaso10',"b'Bandung, Jawa Barat'",320,420
102864659,b'hariyanto #MiFan',b'hyantzoe',b'surabaya',201,318
1160349062278701056,b'Tim88_Indonesia',b'Tim88__',"b'DKI Jakarta, Indonesia'",579,406
1376498984,b'Nikky Andrea',b'nikky_cheese',b'Jakarta- INDONESIA',2267,676
2162529847,b'Angel Maximilan',b'angelmaximilan',"b'London, England'",4921,938
1183602646923403265,b'(bukanpenjilat)',b'EdisonPurba12',"b'DKI Jakarta, Indonesia'",106,1342
1183801605415522304,b'fuuuu',b'fufuuu19',b'Jakarta Capital Region',13,38
1134297087770677252,b'We\xf0\x9f\x92\x96Papua #88\xf0\x9f\x87\xae\xf0\x9f\x87\xa9',b'Pasukan_50',b'',540,981
1175277019191373824,b'g o l d i E\xf0\x9f\x95\x8a',b'thisisashimi',b'dihatinya yongke\xf0\x9f\x98\x8b',38,210
748067645581201408,b'End\xc2\xae\xef\xb8\x8fo_Wa\xc2\xae\xef\xb8\x8fsito',b'end_warsito',b'Toilet Umum',599,385
1958618252,b'\xf0\x9f\x87\xae\xf0\x9f\x87\xa9Amboina Son \xf0\x9f\x87\xae\xf0\x9f\x87\xa9',b'mds_amboina',b'jakarta',287,1674
912957494,b'M Nashih Damhudi',b'Acitttttz',"b'Bangil, Indonesia'",91,322
1129494373782044672,b'Zima',b'zima_48',b'',36,140
1059265027369095168,b'\xf0\x9f\x92\x9d Geryliana H Rianti \xf0\x9f\x92\x9d',b'GHiugo',b'Indonesia',3083,2044
356127990,b'dani krisw',b'therealdankris',"b'Jawa Timur, Indonesia'",4168,801
4200694752,b'Ari3_Pras',b'Ari3Pras',b'permukaan bumi bulat',4313,1542
3277215655,b'Raka',b'rakairswa1',b'',64,108
2775019890,b'Fahmi',b'fahmi_krewul',b'',95,459
333604045,b'BudimansinulinggA',b'Sibayak86',b'Jakarta',90,254
1179557218397507585,b'One_aby',b'Oneaby1',"b'Kota Gorontalo, Gorontalo'",5,53
1136970889197522944,b'Aku Terus',b'm3l4ngk4h',b'',1193,1341
1058973639456940032,b'BogasSampir66',b'wientadi66',b'',51,181
27004794,b'a:m',b'menefreganiente',"b'Jakarta, Indonesia'",81,608
1186524128246779904,b'Veder Lg',b'LgVeder',b'Indonesia',70,229
1186517569332580357,b'Supriadi',b'Supriad33704011',b'',0,19
1185947069367742464,b'Kadita Intan',b'IntanKadita',b'',9,14
1186881207943872512,b'Topless Kacang',b'KacangTopless',b'',3,3
2542665199,b'Aki Tulalit',b'YRadianto',b'Indonesia',16732,1763
931840998421839872,b'Muhammad Ibnu Fadli',b'IbnuFadli99',"b'Sukaresmi, Garut'",42,198
1041246319078068224,b'\xe2\xad\x90KHong GHuan\xe2\xad\x90',b'Mekoesnadi_10',"b'Bandung, Jawa Barat, Indonesia'",13062,9554
925649278386634752,b'Sinta_A',b'Amalia_sint',b'',29,59
1187513989187559425,b'Moveondong',b'Moveondong10',b'',31,143
1186519216842661890,b'PantunSatirKomikMeme\xc2\xae',b'KonsepKreatif',b'',1152,655
3233843048,b'ariella varendra',b'arillavarendra',"b'Lampung Timur, Lampung'",67,68
1186664693642874880,b'devan',b'devan25393772',b'',29,159
951066111742627842,b'TdkNetralika',b'gEN83uNooes2Ru0',"b'Setia Budi, Indonesia'",16,92
1053470218947710976,b'ImahpoleNG',b'imah_poleng',"b'Hsinchu County,Taiwan'",192,66
98059762,b'\xe0\xae\x9c UniPipy \xe0\xae\x9c',b'andhika_thalib',b'',3440,1768
155196516,b'1wana\xf0\x9f\x87\xb2\xf0\x9f\x87\xa8',b'iwanaprawira',b'Jakarta - Indonesia',467,301
71828504,b'vitto_funk69',b'vitto_funk69',b'',18,28
1104629511503540224,b'Me Papua #88\xf0\x9f\x87\xae\xf0\x9f\x87\xa9',b'Pejuang4772',b'',541,1146
1133365279633756161,b'Noor Akbar',b'NoorAkb02018123',"b'Pangandaran, Indonesia'",14,24
1138042697447497728,b'penyintas waktu',b'HDzhon',b'',52,188
880355391325982720,b'Dino \xf0\x9f\x87\xae\xf0\x9f\x87\xa9\xf0\x9f\x87\xa8\xf0\x9f\x87\xb3\xf0\x9f\x87\xba\xf0\x9f\x87\xb8\xf0\x9f\x87\xae\xf0\x9f\x87\xb9',b'Sup3rMan10',b'',179,408
1160833105927663617,b'Me\xf0\x9f\x92\x96Papua #88\xf0\x9f\x87\xae\xf0\x9f\x87\xa9',b'Relawan_NKRI',b'',232,497
1020306945473855488,b'Jenk Kelin',b'_jenk_kelin',"b'Surakarta, Jawa Tengah'",4213,507
391910166,b'Satgas Natuna 36',b'MuhiddinMI',b'Indonesia',688,484
1175292355319959552,b'Kenangan #88\xf0\x9f\x87\xae\xf0\x9f\x87\xa9',b'Kaktus_GA',b'',102,191
1157177592664821766,b'Poros Indonesia',b'indonesia_poros',b'',79,49
1186878047217041408,b'Shophya',b'Shophya4',b'',1,14
4432973292,b'Eka',b'Ekaketjeh',b'Indonesia',1097,2251
1165019845,b'@Sukamto Rudy',b'rudysound',b'Jakarta Pusat ',131,350
915556277991829505,b'manusiabiasa',b'tanzania48',b'',322,334
1185855003392536576,b'Dr. Rizal Ramli KW',b'RizalRamliKW',b'',3,9
925990195505147904,b'Mas Jawul',b'MasJawul',b'',90,285
1183579772544176133,b'Doni Anggara',b'DoniAng41818405',b'',5,45
1003882487020339200,b'tejo',b'tejo52844165',b'jogjakarta',147,378
1053279533158154241,b'Gema Pembebasan',b'IAkurat',b'',233,685
950286163260071936,b'salaam',b'salaamitusalam',"b'Jawa Timur, Indonesia'",26,56
1041255706450522112,b'siska',b'siskapurnama99',b'',23,209
1159445593900515328,b'sumertayasakomang',b'sumertayasakom1',b'',2,24
1109424569050238976,b'Kokok_Beloek',b'KoBeloek',"b'Yogyakarta, Indonesia'",93,447
1186447797932810240,b'membuat layang layang',b'madekite',b'',6,7
1169876076681543686,b'Dimas pratama',b'Dimaspr58206465',b'',190,239
999644009948565505,b'Pitakonan Jaya Abadi',b'PitakonanMu',"b'Tangerang, Banten'",25,148
1186589759742701568,b'Tria',b'hirohimehino',b'',7,5
1103261475370491904,b'Tokohpolitik',b'Tokohpolitik2',b'',7,6
1187293001741033472,b'Indonesia Maju',b'IdaFarida_re',b'',14,46
1184686294292549633,b'Kang Poci',b'Prikitew6',b'',3,6
1153972246983008257,b'BlackRoze',b'sebutajah_mawar',b'',173,206
1066254051275231233,b'Bangben#JKW',b'Ht_gurgur16',"b'Jawa Barat, Indonesia'",1781,1685
1102366510842957829,b'umijuntak@gmail.com',b'umijuntakgmail4',b'',251,224
995826795134861312,b'Sweet mom',b'chichimaharani9',b'Jawa Timur',236,268
4918050840,b'masgoplo',b'masarisgoplo',"b'Jawa Timur, Indonesia'",393,1197
1176817032785887232,b'Blantik Asu',b'Hariyan00622942',b'Jatirogo Tuban Jatim..',302,245
224238196,b'khoironi',b'Khoir_Muhammad',b'Indonesia',25,114
83533030,b'aguscity',b'aguscity',"b'Kudus, Indonesia'",65,364
4780649298,b'Denny siregar',b'Dennysiregar7',b'Indonesia',635079,86
1118727247760805893,b'\xf0\x9f\x87\xae\xf0\x9f\x87\xa9Siti\xf0\x9f\x87\xae\xf0\x9f\x87\xa9',b'FattahFaqih',b'Indonesia',403,312
2384696084,b'Frank',b'RonaldLampard8',b'NKRI',722,2856
1018337078566776832,b'Mulyani',b'Mulyani48773453',b'',20,50
1038758067993698304,b'Alexa Zara V',b'vintenas',"b'Jakarta Selatan, DKI Jakarta'",9762,486
1215447224,b'Jhannah Bhuston',b'reng_majeng',b'Pasongsongan Sumenep',139,95
73845163,b'Wisnu Prasetya Utomo',b'wisnu_prasetya',"b'Leeds, UK'",5419,976
1133560169181327360,b'Ir.Lira Fozia.RFP (Kurnia)',b'KurniaSubud',b'indonesia',221,151
1102523883498823680,b'Achmad Falah',b'AchmadFalah6',b'',121,296
1139064000237395968,b'Jurig___temlen',b'JTemlen',b'',25,356
1185732834633236480,b'tikaulia',b'tikaulia1',b'',22,1
971731244093288448,b'lek_s',b'Noval297519461',b'Kendal',387,540
3895489933,b'Nadirsyah Hosen',b'na_dirs',"b'Clayton, Victoria'",283096,3075
2695463725,b'kiv z#FNI',b'triwul82',b'lokalisasi kelas teri',26032,10007
797855724,b'adynk riady',b'adynks14',b'samarinda',93,126
556215582,b'bieb toev',b'toev_612',b'',1417,168
264777626,b'Bani Semar',b'adtaufiq',b'Lemuria Swetadwipa',6819,994
1246416494,b'AB 120 RI',b'sukron_ab120ri',"b'Jawa Timur, Indonesia'",574,949
1111751590795329536,b'@Alif Y. W',b'AlifYW2',b'',1674,2319
1180323109842255872,b'Hendartriono',b'hendartriono',b'',36,78
1119759820045733888,b'Tinih Setiawan',b'555masteng',b'',253,604
709023494818758658,b'Uri',b'mashuri_yessbro',"b'Nusa Tenggara Barat, Indonesia'",110,524
2293502563,b'F38bri',b'f38bri',"b'Jakarta Pusat, DKI Jakarta'",25,210
1168853470226464768,b'Vine_VSM',b'VineVsm',"b'Kuala Lumpur, Wilayah Persekut'",1223,1026
1187896707356299264,b'DeeDee',b'DeeDee10242082',b'',159,161
962604031523807232,b'\xf0\x9f\x84\xb9\xf0\x9f\x84\xb0\xf0\x9f\x84\xbf\xf0\x9f\x84\xb4 \xf0\x9f\x84\xbc\xf0\x9f\x84\xb4\xf0\x9f\x85\x83\xf0\x9f\x84\xb7\xf0\x9f\x84\xb4',b'antakara_86',"b'Kota Tangerang, Banten'",2475,1567
560192643,b'Ayu Hara HS',b'AyoeHs',"b'Pekan Baru, Riau'",85,149
1089875258440478721,b'Ame De Fania',b'YuliusHendilens',"b'Nusa Tenggara Timur, Indonesia'",46,334
799098729504587778,b'Trust No 1',b'eizanfolks',"b'DKI Jakarta, Indonesia'",1799,1980
312052309,b'M.RIZAL.S #AMCA',b'intermakcz',b'jakartag33',1078,2481
847786832423256065,b'Anti Kadal Gurun',b'Budiawan1985',"b'Tangerang, Banten'",377,360
1186489371165200384,b'Akiongcocolin181@gmail.com',b'Akiongcocolin11',b'',164,600
83451014,b'Purwanto Bin WAGIMAN \xf0\x9f\x87\xae\xf0\x9f\x87\xa9',b'MasCEPUK',"b'Sragen, Indonesia'",2370,1242
1109166678443606016,b'KanjengRatuAyu',b'KanjengRatuAyu1',b'',387,5001
1181601973096742912,b'Patriot NKRI',b'positive_values',b'',90,428
902991020874375168,b'Farid',b'punyaotaak',b'Bisa tidur udah ena',63,112
1147517607660048385,b'@wonkedansukowati',b'wonkedansukowa3',b'',42,104
1081748817588846594,b'Wilianto',b'Wiliant42667120',b'',4,5
995313236948865024,b'athok zamroni_76',b'Belajarbaik7',"b'Madiun, Indonesia'",142,148
1097522306832728064,"b""HUstaDz HaS' UT \xf0\x9f\x91\xb3\xf0\x9f\x8f\xbf\xe2\x80\x8d\xe2\x99\x82\xef\xb8\x8f""",b'AchmadSyabani7',b'021',1220,2010
218143207,b'\xc3\x9fa\xce\xb7\xc4\x9f da\xc4\x93\xce\xb7\xc4\x9f \xe2\x9b\xb5',b'LaRam_Jr',"b'DKI Jakarta, Indonesia'",348,802
983325593092501504,b'Mrs Ben Nett',b'zenkdelya',"b'Bogor Barat, Indonesia'",485,397
3322173866,b'Rifa atul Mahmudah',b'rifaatu92518841',"b'Ponorogo, Indonesia'",130,586
2541716540,b'Indonesia Maju',b'BadjaNuswantara',b'Indonesia',34981,4640
933370068322304000,b'cs-istana168',b'istana168_cs',"b'Denpasar Selatan, Indonesia'",589,927
1012322431531245568,b'\xf0\x9f\x8c\xbbM E N T A R I\xf0\x9f\x8c\xbb',b'nnyzhuxin',b'',2510,1546
1722489008,b'\xe4\xb9\x87\xc9\xae\xe0\xb8\x97\xe0\xb8\x9a \xe3\x82\x89\xe0\xb8\x84\xe1\x83\xa6\xc9\xae\xe0\xb9\x8f\xc9\x96\xe0\xb9\x8f #MiFan',b'ebnue',b'\xe0\xb8\x98\xe0\xb9\x8f\xca\x9f\xe0\xb9\x8f',11958,205
1066845760879177728,b'AndyWokanubun',b'AWokanubun',b'',3,10
1186684407827988481,b'trahsimowalen',b'relawanperak2',b'',18,109
333923119,b'Habib Think',b'habibthink',b'',163197,1407
1165204118,b'123',b'charmadi2',b'jakarta indonesia',131,611
849377349435092992,b'Cilon',b'LsYen228',b'Indonesia',863,1203
2868157022,b'Tika van Steenveldt',b'tika_sekti',b'The Netherlands',247,166
1090388726432165889,b'WD1811',b'WD18111',b'',6,40
476340620,b'T.E.S24',b'togarerwins24',"b'North Kuta, Bali'",630,274
1178179781835161600,b'AleRasa BetaRasa',b'noyadjeki',b'Ambon',3,184
1178509805624774656,b'AYSILA KIM',b'SilaKim6',"b'Kudus, Jawa Tengah'",272,630
211298396,b'Tjap Orang Moeda',b'helmkty',"b'Central Java, Indonesia'",167,575
2928583759,b'Chusnul chotimah',b'CH_chotimah',"b'Kalimantan Timur, Indonesia'",57623,0
1154256784523030528,b'Arin rin rin',b'G4disku',b'',78,213
408418303,b'\xf0\x9f\x92\x8e',b'yudayudey',b'Purwakarta',594,169
925529632920580096,b'Mustofa Somad',b'mustofa_somad',b'Indonesia',33,167
164604281,b'Arie Dirgantara',b'TheArieAir',"b'Denpasar Barat, Indonesia'",65039,4954
809406216787017728,b'Vanka',b'Heraivanka82',"b'Pasar Minggu, Indonesia'",30,90
1172876103184084993,b'Pororo',b'roro_atin',"b'Pati, Indonesia'",77,276
1123500707192102913,b'liyanto',b'liyanto98063707',b'',6,26
1186839994238816257,b'Dodi Saputra',b'DodiSaputra03',b'',3,3
813241193530150912,b'Jefry',b'Jefry_Venus',"b'San Francisco, CA'",42,111
1046373389798010880,b'Velin Putri Egar',b'Velin52821243',b'Indonesia',97,88
1051472983292694530,b'adung firdaus',b'Adungfirdaus1',"b'Bandung, Jawa Barat'",195,250
1181452418384416768,b'Eddotsssss...',b'Eddy04658077',b'',14,37
1179564619494330368,b'Bang Brewok',b'BangBrewokzzz',b'',458,657
932786827341074432,b'\xf0\x9f\x85\xb0mmar',b'Ammar_Faeyza',b'Bumi',3929,3471
1182533985462734848,b'Grace Pattirajawane',b'pattirajawane',b'',14,18
1186918153869123585,b'Suryono',b'Suryono46350704',b'',5,28
1156940100728569857,b'Black_Gazebo',b'GazeboBlack',"b'DKI Jakarta, Indonesia'",102,201
1140195827517837312,b'IBU KOST',b'anihany29',"b'Purwokerto Selatan, Indonesia'",149,865
1114562743749603328,b'Sri_Kanthi',b'188Indonesia',b'',622,682
714948373413924864,b'Aldy panda',b'pandawa_aldy',"b'Kramat Jati, Indonesia'",143,462
2364054613,b'lutfi',b'Amir66Lutfi',b'',33,177
225011052,b'\xf0\x9f\x87\xb2\xf0\x9f\x87\xa8 \xf0\x9d\x93\x93\xf0\x9d\x93\xaa\xf0\x9d\x93\xb7\xf0\x9d\x93\xb2\xf0\x9d\x93\xae\xf0\x9d\x93\xb5',b'artmasokan',b'I\xe2\x81\xbf\xe1\xb5\x88\xe1\xb5\x92\xe2\x81\xbf\xe1\xb5\x89\xcb\xa2\xe2\x81\xb1\xe1\xb5\x83',111,274
838921772829270016,b'abu omar',b'abuomarjakarta',b'Jakarta',18,66
57035487,b'Al-Fawaaid',b'alfawaaidnet',b'',2683,57
107746617,b'Hasan Azharry',b'Liononthetable',"b'Pangandaran, Indonesia'",540,453
964195824812007424,b'KangDede',b'kangdede817',b'Indonesia',124,436
1111300632755884033,b'BIMA.S',b'BimaBarataS1',b'\xf0\x9f\x87\xae\xf0\x9f\x87\xa9 NKRI \xf0\x9f\x87\xae\xf0\x9f\x87\xa9',102,444
977934665976766464,b'evanutama',b'evanutama23',b'di antara *dua* gunung',796,1239
2570469171,b'Yoan Andriansyah',b'YoAndriansyah',b'Kota Palembang',256,193
1045561510511005696,b'Mr`Grey \xf0\x9f\x8d\x83',b'Ri_Grey',"b'Kuningan, Indonesia'",168,460
2943617233,b'KusanK',b'rakhmatdipraja',"b'Bandung, Jawa Barat'",978,1984
848541360856612865,b'Supriono',b'prie_slo',"b'Karanganyar,  Jawa tengah'",687,1236
151955662,b'ade sudandyo',b'Adesudandyo',b'At Home',546,865
855864133,b'Muhammadur Akhmadson',b'blaworblakasuta',b'Hati & pikiran',853,2602
2304166500,b'\xf0\x9f\x87\xae\xf0\x9f\x87\xa9\xf0\x9f\xa6\x85S.U.T.A.N \xf0\x9f\xa6\x85\xf0\x9f\x87\xae\xf0\x9f\x87\xa9',b'sutan_bisma',b'Indonesia',526,173
1187052012426285056,b'REG_47',b'Aryosutejo311',b'',308,321
932827741061226497,b'Dapur',b'antilalat',"b'Jakarta Pusat, DKI Jakarta'",1663,101
1163579893524750336,b'Groot',b'really_groot',b'',24,230
1176695827659669505,b'Gembul',b'Gembul17854248',b'',90,417
883298699891228673,b'GemacanBack',b'gemacan2',b'Fankrut',8322,581
1169923560518766592,b'Abu Fajre\xc2\xae',b'AbuFajre',b'',2486,2465
1133912102408638465,b'Intan Queenna',b'intanRatuaja12',b'Indonesia',10479,3394
959375808,b'\xe2\x84\xa2Aditya Bima\xe2\x99\x94\xf0\x9f\x87\xb2\xf0\x9f\x87\xa8',b'BimaTmaditya',b'HATI mu dekat JANTUNG',1171,1155
1139304012992225280,b'Ama Yr.',b'Pixie_ch',b'+62 ',123,193
119691957,b'Ewing',b'aewin86',b'|MU|RealMadrid|LedZep|iwanFals',13084,10668
59346171,b'David Tej',b'DvdTej',b'Indonesia',88,210
811213297567481856,b'TUGIO ((pemburu jangkrik))',b'ErvanJoe2',b'',252,105
1185729168308228096,b'rahmawaty',b'rahmawa92550279',b'',7,1
983323657572270080,b'Gus',b'tiraimissu',b'Jawa Bagian Tengah',170,453
1187625796250112000,b'CINTA DAMAI',b'SoejarwoYanti',b'',212,296
42204293,b'Risti Risti',b'Risti_Rist',b'Jogjakarta',21,37
126539216,b'Otak Garis Miring \xe2\x84\xa2',b'goblog_alami',b'Antah Berantah',135,284
973812939189874689,b'Abdus Salam',b'Ass_Salamun',"b'Sidoarjo, Indonesia'",87,42
1187599914072600576,b'Santri_KhilafaaH',b'SKhilafaah',b'',6,28
1186821981628334080,b'Qiunco2761',b'qiunco2761',b'',60,235
968335524145647617,b'Abidin',b'Abid_Dienn',"b'Sidoarjo, Indonesia'",122,134
952833150568120320,b'NgawuLoSantri',b'ngawulo_santri',"b'Sidoarjo, Jawa Timur'",218,159
1157108405691043840,b'Sheryl Putriana Sari',b'Sherylputriana',b'',162,110
2308047864,b'atjep jadoel',b'a_tjepp',"b'DKI Jakarta, Indonesia'",185,782
1000155104245305344,b'Not A Desert Lizard',b'Zain_Ical',b'Indonesia',26,30
72161710,b'albos',b'albertboseke',b'banjarmasin',35,47
581661417,b'Laskar Pancasila',b'Gara7051',b'',227,1684
1172772019068227584,b'Afri Adam',b'AfriAdam',b'',4,30
2318622768,b'Bays',b'bayuagustiian',b'',318,107
1021460009182351360,b'stad prita',b'ustadpriatampan',"b'tampan bay, flurida'",1,17
705675557,b'ernibonie08',b'Rnie80',b'Bogor',263,905
1185393019932962817,b'HAnYA MANUSIA BIAzA\xf0\x9f\x98\x8e',b'Rizky_Putro505',"b'Monterado, Indonesia '",711,286
1085943298215182336,b'mantan pengamen_\xf0\x9f\x87\xae\xf0\x9f\x87\xa9',b'NgapakTea',"b'Central & Western District, Ho'",68,400
3235370444,b'qosyim rosidy',b'qosyim_rosidy',"b'Riau, Indonesia'",581,651
1121819450573869057,b'\xd8\xa8\xd9\x88\xd8\xaf\xd8\xa7\xd9\x83 \xd8\xa2\xd9\x88\xda\x86\xd9\x93\xd9\x8a\xd8\xb3',b'babahna_zayyin',"b'Pandeglang, Indonesia'",111,491
4769064224,b'Big Fans of Prince',b'realprincetotty',b'NKRI',776,1069
972828868947075074,b'Ali Ila',b'SuparniAli',b'',11,103
968506225733222400,b'Budys',b'Budys09680251',"b'Malang, Jawa Timur'",330,1084
1098077568706564096,b'Satria boyah',b'SatriaBoyah',b'',16,33
1052543032036184064,b'BikersClassicMalang',b'RamboRinggo',"b'Kota Malang, Jawa Timur'",121,365
1097429318890737664,b'Denny Detaq',b'DetaqDenny',"b'kota Kupang, NTT'",208,730
1029373388286910464,b'Blem bong',b'Agungratman2',b'',220,1554
2918894672,b'Platytera',b'JViandre',b'',218,980
3170528310,b'aguez',b'agoez_76',b'',25,58
1052035586511405057,b'KataArief',b'KataArief',"b'Kalimantan Barat, Indonesia'",3,61
1267345213,b'PARAHMEN',b'Iwan_Jaychow2',b'indonesia',3212,2697
1133262050480873472,b'Ananda Hessa',b'ananda_hessa',"b'Denpasar Selatan, Indonesia'",15,31
116911237,b'\xf0\x9f\x85\xb0D\xe2\x98\x8b\xe2\x98\x8b\xf0\x9f\x92\xb2\xf0\x9f\x90\xb8\xf0\x9f\x90\xb8\xf0\x9f\x90\xb8adusss',b'theng_sd',b'semarang',252,897
1162866960847126528,b'R\xe1\xb4\x87\xe1\xb4\x84\xe1\xb4\x8b\xca\x9f\xe1\xb4\x87ss \xca\x9f\xc9\xaa\xea\x9c\xb0\xe1\xb4\x87',b'GnReborn',b'Malang citizens',15,10
907414390902632448,b'naive bgt.. ya (\xe2\x95\xa5_\xe2\x95\xa5)',b'MbakJennies',b'malang citizens',15,9
975728593824235521,b'Nomaden',b'shaquile_d',"b'East Hants, Nova Scotia'",1006,1443
448051671,b'Gita Amany',b'GitaAmanyyy',b'Pontianak',18,17
784318280718659584,b'Leon',b'leonsys0305',"b'Jakarta Selatan, DKI Jakarta'",783,833
1186091792711614464,b'jokowi.menang1',b'JMenang1',b'',7,4
1182821112406659072,b'ali sambeda',b'ASambeda',b'',31,26
1162646635316310017,b'Dayu Mayun Pidada',b'MayunDayu',b'',41,252
1143448147462479873,b'deedan',b'deeAdiwijaya999',"b'Semarang, Jawa Tengah'",153,93
1134358255742771200,b'Kakatua Raja',b'Kakak_Besar50',b'Sabang - Merauke',182,873
133146512,b'Janto Latief',b'jantosn',b'Jakarta',202,263
114639307,b'Dian Ajis Syah Putra',b'Ian_ajis',"b'Kabupaten Bogor, Jawa Barat'",1108,662
958544927981412353,b'Arie Vatreshia Belinda',b'arievatreshia13',"b'Denpasar Selatan, Indonesia'",280,892
77377697,b'#PowerRangers\xf0\x9f\x98\x85\xf0\x9f\x98\x82',b'ekoesnadi',b'indonesia',642,1188
720160744461848577,b'Amrudin Nejad',b'amrudinnejad_',b'Indonesia',5830,357
1645163053,b'#GustiOraSare',b'yon_djawir',"b'DKI Jakarta, Indonesia'",1583,1022
1090809764626329605,b'weddie | soebagio',b'weddie_s',b'  #Bogor #Indonesia \xf0\x9f\x87\xb2\xf0\x9f\x87\xa8 #NKRI',826,4124
285375080,b'James Fabian R.',b'JamesFabianR',"b'Jakarta Capital Region, Indone'",243,2425
940094496649265152,b'Mas Prasetya',b'maspras1498',"b'Kebumen, Indonesia'",106,251
131437327,b'Nugroho Suharlim',b'nugiesl',b'Jakarta',122,214
2466401845,b'Dawi_udah gitu aja',b'dawi_woy',b'',138,297
1148899812240064512,b'Mariana Arisanti',b'ArisantiMariana',"b'Jakarta Timur, DKI Jakarta'",156,117
1186829334528446469,b'\xe2\x99\xa1Febby\xe2\x99\xa1',b'FebyKopan',b'',133,145
975926041758744576,b'Rahmat  Fauzi',b'RahmatF14869449',b'',1,36
1040090425522962433,b'Prince_Azhim',b'azhim_prince',b'',223,217
1186970790048088064,b'Indah Lestarai',b'ILestarai',b'',4,17
1158565657488711680,b'Pejantan Tangguh',b'Pejantan_Ku',b'',55,45
808245758,b'Kid expired',b'sigit_kanseno',b'jakarta',17,38
954285597509664768,b'Silvia Rahmadhani',b'silviaa_rahma',"b'Kota Medan, Sumatera Utara'",125,503
967055761346985984,b'Fathur Rozi',b'frrozi1998',b'Indonesia',491,1251
1186502804304564225,b'Merah Putih',b'merahh_putihh',b'',11,34
1185035387887992833,b'CKGRD',b'CengkramGaruda',b'',18,60
1185854262326091778,b'Teteh Santi',b'Tehsantigelis',b'',6,8
2882275784,b'K\xf0\x9f\x94\xbaFIR',b'snjayajonggrang',"b'DKI Jakarta, Indonesia'",1784,1868
363817099,b'Sang huiboled garis miring',b'WandiAlghifari',b'',81,205
1187124212592300032,b'danifilura',b'danifilura',b'',2,59
1130392337853497345,b'Prima Ramadhan',b'PrimaRamadhan9',b'Indonesia',12,23
919616833002512385,b'Arthuria Pendragon',b'SahabatSaber',b'',6571,346
1144430128715325440,b'Dara Destya',b'DaraDestya',"b'Denpasar Selatan, Indonesia'",17,202
1185449788940013568,b'Raja Bajak Laut',b'raja_sunnygo17',b'',125,194
1182864405513457666,b'Papua Respect',b'PapuaRespect',b'',21,9
360432887,b'Mazzaree',b'harrynories',b'Jakarta',83,308
1095674588111896576,b'RajendraAja',b'AjaRajendra',b'',123,515
1187001737988599812,b'INA_Satu',b'INA_Bersatu1945',b'',2,18
1130356554543185921,b'Randi Daly',b'DalyRandi',"b'Karawang, Jawa Barat'",14,28
1115882850056921089,b'oposite777',b'oposite777',"b'West Java, Indonesia'",117,263
910152640297762816,b'ELOE ANVAL\xf0\x9f\xa4\x99\xf0\x9f\x92\xa5',b'Suanggi_Hitam',"b'Bintuni,Papua Barat,Indonesia'",9363,6098
1024101006,b'Sutan Santiang',b'SutanSantiang',b'[Jan Sagan Katokan Polbek]',1137,107
1067908485801623552,b'pleciden laca lete\xf0\x9f\x98\x9b',b'non_kafirr',"b'Langsa Barat, Indonesia'",1243,1858
4646279294,b'Rudi Syach',b'rd_syach',b'Buitenzorg \xf0\x9f\x87\xae\xf0\x9f\x87\xa9 Indonesia ',5702,2104
893391387483267072,b'\xe2\x99\x90\xef\xb8\x8fMas5Roes',b'roes_eddy',"b'Jakarta Capital Region, Indonesia'",41,263
1186179702240600065,b'Novia Puspita',b'NoviaPu59623902',b'',3,17
1080826630350635008,b'Novrdx',b'novrdx',b'Indonesia',277,259
1157209365599834112,b'KicauanRaktjat',b'KicauanRaktjat',b'',201,172
1186797827084537861,b'Adrian Yunus',b'AdrianYunus2',b'',3,61
1060514259933650944,b'Reskante',b'AtikaFaya',b'Surabaya',462,496
866129731,b'Prof. Roti Gulung',b'profrotigulung',b'Indonesia',3021,1093
857639662440947712,b'Simkuring@porsea',b'simkuringporsea',b'Indonesia',3632,4885
1186861976913203200,b'Jazki',b'Jazki454',b'',1,71
1966219574,b'Purwapragiwa',b'Kultur69',"b'Kebumen, Indonesia'",78,246
1074483313786515456,b'Hillal',b'hillalsaputra',b'',32,61
1142570520392585216,b'Ardian ZA',b'ArdianZA_099',"b'Kota Bandung, Jawa Barat'",1244,280
1402400036,b'Buzzer4NKRI',b'Iwan_Kapuk',b'',2293,2534
1081452438471626752,b'Dika Irawan',b'DikaIra90374197',b'',24,115
950742435650416642,b'Dwik Adhitama',b'AdhitamaDwik',b'Indonesia',50,108
98998770,b'Kang ojek-\xe1\x9e\x94\xe1\x9f\x92\xe1\x9e\x9a\xe1\x9e\x94\xe1\x9e\xb6',b'Kang_Ojekk',b'Nusantra ',35,186
1158579732612407300,b'Indonesia_Indah',b'IndoIndah74',b'',21,29
1183641878249365511,b'Twit Politik',b'twitpolitik_',b'',5,30
1162245323726581760,b'Kita ASEEK',b'AseekKita',b'',15,93
915546720401891328,b'\xf0\x9f\x87\xae\xf0\x9f\x87\xa9BOEMI_PERTIWI\xf0\x9f\x87\xae\xf0\x9f\x87\xa9',b'Boemi_Pertiwi12',"b'Austin, TX'",16568,9008
1183334234632515584,b'SitiDama',b'siti_dama',b'Indonezia',27,179
942788657609502721,b'santri nusantara',b'Adjib9',"b'Kota Surabaya, Jawa Timur'",281,283
1142988338271420416,b'Putra 7inta',b'Putra_7inta',b'',50,68
1174598825895325696,b'Dadangnoorazam',b'dadangnoorazam',b'',6,13
87942203,b'Bukan_siapa-2',b'r_djarot_s',"b'yogyakarta,indonesia'",861,944
1116547557902016519,b'arifsilangk',b'ArifKurn1wan',"b'Depok, Jawa Barat'",43,19
498541721,b'A i e k',b'Aiek__Yaa',"b'Jakarta Timur, DKI Jakarta'",13214,5180
194987317,b'Dahnil A Simanjuntak',b'Dahnilanzar',b'',539707,1046
1151410409556938752,b'Kakiangbagoes',b'kakiangbagoes',b'Nusantara ',251,362
1096370042596249600,b'wiwin',b'wiwin78430367',b'',61,253
1078641585452007426,b'Tommy',b'Tommy93507168',b'',775,1501
967010839021551617,b'Egi Reza Firmansyah',b'EgiRezaFi',b'indonesia',396,543
1161063452627984384,b'Vasco Da',b'VMalangbong',"b'Malangbong, Indonesia'",8,80
89418832,b'Yunarto Wijaya',b'yunartowijaya',b'',333678,961
1186498442631073792,b'@Femina',b'Femina44936302',b'',3,26
971101207568662528,b'Fatih Aini Oktari',b'fatihainioktari',"b'Bengkulu, Indonesia'",169,134
1187677581161590784,b'Permadi Arya',b'Permadiaktivis2',"b'Bandung, Jawa Barat'",68,524
1172844711066796032,b'Kakek Abidzar',b'AbidzarKakek',b'',31,185
1186481511417008131,b'Khasanah Islam',b'IslamKhasanah',b'Kota Palembang',12,63
1039729857490505729,b'Urang Bangka Asli',b'bangka_urang',b'',212,133
1174302598444113920,b'Denis',b'Denis99977346',b'',14,18
1181048681320968193,b'Kenjero',b'Kenjero7',b'',0,19
925874693906636800,b'Wanita_Biasa',b'AdindaWiranata',"b'Jakarta Pusat, DKI Jakarta'",997,959
966499890137251840,b'Suara Kalangan Bawah',b'kalanganbawah45',b'',17,165
2272320769,b'Ant Ibrahiem \xf0\x9f\x90\x9c',b'ant_ibrahiem',"b'Dhaka, Bangladesh'",402,788
1128649413633560577,b'Husin Alwi',b'HusinShihab',b'',1174,117
4279971798,b'Nahdlatul Ulama',b'nahdlatululama',b'Jl Kramat Raya 164 Jakarta',360116,9
900921834488475648,b'ADEJONES',b'FajarSuntara',"b'Bogor, Jawa Barat'",59,32
1112875075395436544,b'Pemuda ideologis',b'rasmanduri',"b'Indonesia, Borneo, Celebes, '",6844,2190
2832888072,b'Bambang Wijanarko',b'c3ef4303e6d3462',b'',146,280
120968478,b'#ArahBaru2019',b'Fahrihamzah',b'Jakarta',1248772,1377
1028411874507804672,b'Indra Kusumah',b'IndraKu57360707',b'',24,23
1157145369458778112,b'Abram',b'Fighter_NKRI',b'',70,52
85140391,b'aRis Risnandar',b'arusarisris',b'Yogyakarta',382,361
179835283,b'Kementerian PUPR',b'KemenPU',b'Jl. Pattimura no.20',434701,456
3177957847,b'Helmi Felis',b'helmifelis',b'',84088,309
1133630296677466112,b'Khairul Fajri',b'Khairul46841742',"b'Jakarta Pusat, DKI Jakarta'",17,22
1182132022690512896,b'Ilusi',b'Ilusi70007706',b'',4,9
1186884885564121090,b'Kirana Candra',b'KiranaCandraa87',b'',10,6
1133600594273349634,b'Naila Putri',b'NailaPuutii',"b'Cianjur, Indonesia'",16,13
1133574896087289857,b'Mahesa Maulana',b'_MaulanaMahesa',"b'Cianjur, Indonesia'",14,16
1133643774456762369,b'Pety Kusuma',b'kusuma_pety',"b'Suko Manunggal, Indonesia'",13,22
1133632593771913216,b'Yolanda Putri Fadilah',b'fadilah_yolanda',b'bandung',7,17
1126737598808973313,b'Jannes Hutajulu',b'JannesHutajulu',b'',129,58
1133350420128993280,b'Raden Fattah',b'RadenFa32729874',"b'Sumedang, Jawa Barat'",12,27
1130462394411393024,b'Nandin Eriska',b'EriskaNandin',"b'Bogor Utara 2, Indonesia'",10,9
1131735694638927872,b'Aries',b'bintangaries_',b'Indonesia',78,272
1186447013614800896,b'Bondan.B.aji',b'BondanBaji2',b'',8,44
1127837882062786560,b'Indah Lestari',b'IndahLesttri',"b'Depok, Jawa Barat'",14,12
958588627474370560,b'eva agustin',b'agustineva68',b'',88,104
1127776076866867200,b'Ulfa Rofida',b'ulfa_rofida',"b'Depok, Jawa Barat'",16,14
1184641653945978881,b'politik.sumsel',b'SumselPolitik',b'',37,149
1127747522133315584,b'Novan Nirawan',b'NirawanNovan',"b'Depok, Jawa Barat'",12,12
1127777732165636097,b'Najwa Khaira',b'NajwaKh99076223',b'Indonesia',20,16
1127771965920382976,b'Naila Muazara',b'NailaMuazara8',b'Indonesia',20,16
1127816025402068993,b'Raida Fakhira',b'RaidaFakhira8',b'Indonesia',55,37
1123057338401734656,b'Dylan Evano',b'evano_dylan',"b'Pancoran Mas, Indonesia'",11,7
878193124006273024,b'Iwa Hasyim',b'IwaHasyim',"b'Pekan Baru, Riau'",70,138
1120549209696923648,b'Sisca Safitri',b'SiscaSafitri2',"b'Depok, Jawa Barat'",15,10
2150524028,b'relian nur alfandi',b'reliannuralfand',"b'Tulungagung, Indonesia'",31,44
1330619034,b'derry simahudang',b'FatinRosli95',"b'Lampung Selatan, Lampung'",48,107
1063775138586357761,b'Rozi',b'rozi_amat',b'',66,142
1149141620182274048,b'Naya',b'NayaDeviandra',b'',13,76
766534075,b'AJR1',b'Jasrobert1',b'di pinggir hatimu',410,601
1086183700235055104,b'Berani Bicara',b'dare_to_speakup',b'',5,37
903670518519177216,b'GhisaDjani',b'fd_SatuLagi',b'',815,1274
890537260885581825,b'@arok wong',b'Jhonadi11',b'',592,589
1142488713655545856,b'Dian Agustin sastra',b'agustin_sastra',b'',59,66
1183212230696792064,b'Tantri Dewi',b'TantriDewi8',b'tanpa lokasi deh \xf0\x9f\x98\x84',682,634
53922892,b'Cyril Raoul Hakim',b'chicohakim',b'Indonesia',73460,4183
