text,sentiment
Photo: Love IOS 8 @apple @iphone #Love #IOS8 #NoCrop #iphone #young #phone #screen #capturescream #boy... http://t.co/fIDj9FxHDV,5
"Just updated my ram to 16gb. @apple you guys are like shallow gf's. Take all the money, but dammit you look good.",5
IBM: @Apple iOS users account for 21.6% of ALL online sales. 3x @android users (6.6%). They are dominating. #business #sales #cybermonday,5
@apple please can I have new phone for Christmas? #spreadsomejoy,5
Well played @apple http://t.co/mGbsxyiA69,5
Thank you @Apple,5
RT @_iamGambino: Thank you @Apple,5
#AAPL RT @AboveAvalon Apple's Share Repurchases Have Benefited Shareholders by $80 Billion  http://t.co/XHkqFr7whT,5
"Even With Apple Watch Delayed, I'm Raising My AAPL Price Target To $165 - http://t.co/TGENjFl3zI #AAPL #Alex_Cho",5
I love @AIRMILES! Between @chaptersindigo &amp; @apple I earned ~200 miles during the #BlackFriday sale! #freemoney #centsability #cybermonday,5
@surface maybe good product but never better then @apple MacBook Air .... It's a fact,5
@benh4ll @netflix @Apple @tim_cook Great news! hope your wifi gets sorted though!,5
"@Apple, I salut you! @kcdenton's photo http://t.co/nmwlvZVjHS",5
"Fantastic service today @Apple store Touchwood - thanks to all, &amp; esp Zach for sorting my battery problem so quickly &amp; efficiently.",5
TheStreet:  #Apple Gets Price Target Boost on Back of Strong #iPhone Demand #aapl http://t.co/f2qTGIBDDq,5
@Apple with now dual core technology http://t.co/sq1VoVV5tf,5
Enjoying the introductions at the @apple #connected launch event.  Some amazing #edtech leaders in the room.  #txed,5
Got A New Phone. @Apple ,5
Props for @apple iTC App Review Team for reviewing metadata rejected resubmission in just 2 hours! Thanks!,5
What's at the core of @Apple's new #iOS7? Excellent updates for your phone's #mobilesecurity. #McAfee - http://t.co/pVo68ZVdq4,5
Thanks @apple for 'Keep Newer' when transferring files from a local hard drive to a server.,5
RT @tra_hall: Enjoying the introductions at the @apple #connected launch event.  Some amazing #edtech leaders in the room.  #txed,5
Awesome! @Apple invented peanut-butter-sandwich technology for phones. http://t.co/DPZpoqZTHX,5
"TheStreet:  #Android Phones to Dominate Through 2018, While #iOS Phone Revenue Will Dazzle #goog #aapl  http://t.co/bsqSkPFF8O",5
This is huge! My ISP @WintekNOC is peering directly with @Apple @Netflix @google &amp; others. Getting 6ms ping response! http://t.co/tIgLoVQoQs,5
"WOAH! 7% Cashback from @Apple store for #CyberMonday deals at http://t.co/fNROGTo4qO. #Ipads, #Iphones, #Mac and MORE.",5
"@SparkingAri @Apple ikr! but u dont need to,bc i'll hopefully buy one on christmas if my grades are 17/20",5
CNBCTV:  #Apple arguably most innovative company in world: Pro #aapl http://t.co/xWVD3zCkHu,5
5 gorgeous #iPhone #apps with surprising designs and amazing visuals | BGR #aapl http://t.co/6UkoSYokMn,5
@SamJam Agreed--have to give props to @Apple for battery life on new iPhones. It's SO good. #TL_Chat,5
"@SJSpencee @Apple Hell yeah Steve, stick it to the man!",5
@LittleWordBites @TravlandLeisure @Apple  &gt; A5: chipping in here- I am inspired by the iPhone 6+~ takes incredible photos! Pin sharp!,5
Was pleased to meet a fellow tweep at @apple #connectED event!  A fellow #tbcoach practitioner @wyokari it was great to meet IRL #txed,5
"The #innovation sector has the largest multiplier effect when it comes to jobs! @Apple employs 13,000, while creating 70,000 indirect jobs!",5
Silver finish: The #AppleWatch places second before it's even out http://t.co/lAEe2Uy4QD via @macworld #aapl,5
@Apple Give me a job so I never have to suffer through Windows OS for personal nor work use,5
"@macmall is the @united of shopping. you have paid, but you may or not receive your goods (or flight). @apple far better at #custserv",5
macbook love today @apple,5
@Jon_Favreau movie 'chef' so original &amp; well executed. Reminded me of the days Steve Jobs dreaming up @apple and then created the #iPhone,5
"if I tweet about NANDOS my phone puts it in caps, I like the iPhone six, it knows my favourite restaurant. good phone GG @apple",5
@SonyUK see not even have the courtesy to reply as I said should have stayed with @apple much better customer service from them,5
Thank you @Apple for fixing the #Swift sourcekit crashes in #XCode :). Life is better now! http://t.co/NbRWTTcZ35,5
So cool! Apple Patents iPhone Drop Protection Mechanism That Changes Device Angle In Freefall #aapl #AppleWatch http://t.co/Yck87DOCeQ,5
#AAPL moving towards the #IoT and more connectivity in your everyday life. RT @businessinsider: THE FUTURE OF APPLE http://t.co/ZiKLflrHpm,5
@Apple #ipad #innovation  let us maintain what we enjoyed when we were young http://t.co/Tpt3k2GBAS via @HuffPostTech http://t.co/Tpt3k2GBAS,5
@apple goes red for aids awareness #ProductRED #fuckaids ,5
I love my #iphone6 @apple #MobilePhone http://t.co/5AJVSQXGDn http://t.co/kLwBBWIp0o,5
@GriffinNW @Apple @tacobell I love you @tacobell!,5
Loving my #carplay unit in my Honda Fit!  Works great.  I just hope more apps make it to CarPlay!  Come on @Apple!!,5
"@jengolbeck @Apple Yep, the only jump I'd make from my 5 now is to 5S. At least good deals on 5S now with 6 out.",5
. @Apple is the Most Innovative Company of 2014 http://t.co/h4gqjPyluF via @TechCocktail #innovation,5
We know Raul is just going to LOVE his brand new art supplies!  Thank you @SarahInThisCity @Apple!,5
Cheeky @apple...  Very cheeky.... No dice though... You can't own 'App Store' it's a description not a product - http://t.co/8L7VeRuzfs,1
@apple get your shit together with group chats on ios8,1
"@dangainor @Apple But then how could they post to Twitter (NASDAQ: TWTR), Instagram (NASDAQ: FB) or Shutterfly (NASDAQ: SFLY)? #ShutItDown",1
FUCK MY FUCKING PHONE ITS FUCKING TRIPPING IM FUCKING TIRED OF THIS FUCKING BULLSHIT ,1
. @apple why is my computer so slow,1
RT @mkschuster: . @apple why is my computer so slow,1
"Really need tap-to-tweet back, @apple",1
#PeterHewer @Apple iPhone 6 claimed to copy a Chinese smartphone design. Ouch,1
Love @apple #iphone5 but I need to upgrade soon http://t.co/KkQNsU8QUt http://t.co/vQezbjOPxA,5
@Landonboyd93 @mochasucks @renoxalex @Apple what about a penis emoji? I'm sick of implying that my dick looks like an eggplant.,1
Love my @apple #macbookpro. Best ever http://t.co/NW0L3w5B7F http://t.co/hau6j9Y489,5
@Apple there isn't a puke emoji I'm pissed fix it fat,1
I have 170 pictures and my storage is full @apple get it together,1
RT @Breyythatsmee: I have 170 pictures and my storage is full @apple get it together,1
Why #AAPL Stock Had a Mini-Flash Crash: Money Morning: Nothing the analysts suggested would make a widely held... http://t.co/IhMonRcEKX,1
That would be brilliant! It's sad @Apple doesn't allow Mozilla's better engine @OpenSourceAgent #opensource,1
APPLES EARBUDS ARE SO FUCKING WEAK THEY LITERALLY CANNOT WITHSTAND ANY GOD DAMN DAMAGE I HAVE WASTED SO MUCH MONEY FUCK @Apple,1
Why is Tom automatically capitalized and tommy isn't?? @apple you need to fix this. #autocorrectprobs,1
why is it so difficult to qualify for a #geniusbar appointment at @Apple these days? #unneccessary,1
Even #Microsoft agrees #iPhone6 is mind blowing. #AAPL #design #product #innovation #mobile http://t.co/4bFUF4NRij,5
god dammit fuck you @apple,1
RT @yungbaaz: god dammit fuck you @apple,1
@Apple do something you cunt @BarackObama,1
fuck you @apple @iphone,1
I could punch whoever came up with the new @apple commercials. #makeitstop #ahhhhhhh,1
@apple fuck you,1
hey @apple can I catch a fucking maverick of a wave on an iPhone?,1
"Dear @Apple, please fix your AWDL issues.. https://t.co/rAy5olfZyt",1
@Apple What english is this? What do you mean? http://t.co/pZB18o3kVJ,1
Can #iPad conquer the enterprise? Only if @Apple has the guts to license #iOS: http://t.co/0mWOJkycsc,1
@apple really need to up their battery game. Because ain't no one got time to charge their phones #furstrated #annoyed #charging,1
yea let me just pay 600 dollars for phone so it dies at 30% fix your shit @apple,1
@FaZeNikan @Apple Wrong @ Homie,1
@FaZeNikan @Apple haha switch to @Android,1
RT @FaZeNikan: yea let me just pay 600 dollars for phone so it dies at 30% fix your shit @apple,1
@FaZeNikan @Apple I had the same thing. Bought an iPhone 5 when it came out and had to replace the battery after a month or two.,1
"@FaZeNikan @Apple lol iPhone,weak. Get on that Lumia level bruh",1
Great FCP X update from @apple today. That will do nicely! #video # editing,5
RT @FaZeNikan: yea let me just pay 600 dollars for phone so it dies at 30% fix your shit @apple,1
still can't merge multiple apple-id's @apple #fail http://t.co/5BNAihk58p,1
# Dyslexic iPhone 6 Users rejoice! Thanks to @apple and 'voice text' hard to spell words are a thing of the past! http://t.co/wjJfLYZme3,5
@FaZeNikan @Apple @applenws @AppStore i know my iphone  dies at like 20%,1
Realised the reason @apple make huge phones is because they f**ked Safari up by not allowing us to hide the address bar,1
still can't merge multiple apple-id's @apple #fail http://t.co/CDvtUjnqgu,1
why is there no black heart emoji @apple,1
RT @pyalot: @Apple @appleios rolled out #WebGL to #iOS8 3 months ago and just overtook @google @Android in WebGL support levels.,5
". @apple diag and support suck a lot! It says 'cannot connect server, try again', then 'ticket not found' #disgusting http://t.co/ARyYbxOdox",1
"Brilliant Tech! No more broken screens in #festivals, @Apple via @techcrunch http://t.co/o6HfU1n1il http://t.co/2ocWnFeyNe",5
I've sent my computer out to @apple twice for repairs in the last month and each time it comes back with a new problem Something isn't right,1
WHY? WHY HAVE YOU PUT GAY STUFF IN MY FUCKING IPHONE @apple http://t.co/r7BrJShrXK,1
.@apple why do your computers like to crash on dead week before finals?,1
@sashametro Its the iupdate process that is so incensing. what rubbish. Hopefully @apple will be irrelevant again soon.,1
@Apple fix your apps.... If I click play it ain't playin'..... So it ain't really a play button is it?,1
I'm going to press the play button!! Wait no I'm not :( @apple fix your apps http://t.co/eteewIIjrO,1
It's just dawned on me that I've probably spent more on replacing frayed / non functioning Iphone cables than I've spent on iPhones @apple,1
@mayhembcn iUpdate is new since I needed a DUNS two years ago (web form + phone call) - ironic for an @apple req that it only supports IE8+,1
'@GMONEYizME: I've probably spent more on replacing non functioning Iphone cables than I've spent on iPhones @apple' - #SwitchToLumia,1
L.A. school district halts iPad contract as FBI seizes documents $AAPL #aapl,1
@Siri @Apple @SteveJobs @alarmthatdidntgooff this is disrespectful,1
Apple's iOS devices accounted for 78% of record setting Cyber Monday mobile sales $AAPL #aapl,5
You're probably reading this on an iPhone built by the largest company around #AAPL They broke more records http://t.co/GpCQIgWMXm #impress,5
How is 'never' interpreted as 'ask me again annoyingly soon' when iOS apps ask to be rated?  @apple tell your devs never means NEVER,1
Apple's iPhone Crushes Samsung's Galaxy by More than 6 to1 in Japan $AAPL #aapl,5
"@Apple [#Apple] #sales soar after launch of #iPhone6. (#Wednesday, 3 #December) http://t.co/QrV3LxeVgm",5
So got the new #iphone6 and growing to love it. A bit bulky coming from the iphone5 but nice feel thanks @apple now waiting for #applewatch,5
#SteveJobs' Emails Show How He Wanted To Smear Competitors As ' #Hackers' #aapl http://t.co/BYJ0ZR62AV,1
@Apple Stop liking man.,1
YO I DIDNT TOUCH MY PHONE AT ALL AND RIGHT WHEN I DISCONNECTED IT FROM THE CHARGER IT WENT DOWN 3% @apple WE ARE GONNA SCRAP RIGHT NOW,1
RT @ConsumerFeed: Apple's PT raised by JMP Securities to $150.00. outperform rating. http://t.co/XWaeIU03vr $AAPL #AAPL,5
Go Apple! Looks like a little squeeze again :) #aapl $stocks,5
"My 17' MacBook Pro boots with pink vertical stripes, a gray screen, then shutting down and repeating...help @apple http://t.co/xZ4Wb3dm73",1
GOSH DARNIT @Apple I DONT KNOW WHAT THE CLOUD IS,1
@jakeflem @Apple We've previously had to deal with this issue it's really annoying. Try to reset the NVRAM http://t.co/EoIAf3wO5f,1
tell ur update to stop capitalizing everything @apple,1
@SSComposer @Apple seems to ignore any key presses like command r and is just doing its own thing.,1
@briannaUrie @Apple Their autocorrect is so shit too,1
"@jakeflem @Apple But it won't fix the problem for good, could back and you might have to change the logic board, check with  Apple Genius :(",1
"#Kantar: @Apple [#Apple] On Track For 'Record Quarter' As #iPhone6 Sales Bump Up Its .... (#Wednesday, 3 #December) http://t.co/HDmGr8fwYA",5
@SaifBinS3eed @Apple get the cloud to butt extension on your web browser,1
http://t.co/N87ZYWyaKQ #YotaPhone2 is the future of cell phones. @apple and @samsung should be scared.,1
CNBCTV:  #Cramer: #Apple has no real competition #aapl http://t.co/8cYgzEZQPN,5
CNBCTV:  #Chromecast beats #AppleTV #aapl http://t.co/uX3vYSzHhu,1
@jokigenki @Apple I think it's like 2011? Can't look right now.,1
"Lowkey, Yosemite trash af I cant use my logic express 9 anymore @Apple yall irritating the fuck outta me - Sincerely a disgruntled person",1
@jakeflem @Apple Yes It seems to fix it good the first time and then as time passes it deterioates until you have to change logic board,1
@jakeflem @Apple  Sorry that you're going through that hope you get this fix it was a real pain for us too  but Apple care cover it for free,5
They gotta DO something '@_iRapeCouches: @SydneyA @Apple SO TRASH my computer keeps freezing &amp; being dumb af after i upgraded to Yosemite,1
@_LanaCarine_ @Apple doesn't have a twitter @Applebees this is your problem now,1
@umo_games @Apple yeah no AppleCare here haha.,1
Huge iPhone 6 Sales Push iOS market Share Up Worldwide: Report $AAPL #aapl,5
"Taking Apple's Lead, Amazon Gets Physical - News - Harvard Business School http://t.co/UensGejRaJ @HBS @Apple",5
Steve Job's Deposition in #iPod Lawsuit Could Cost @Apple $1 Billion http://t.co/7vDXwvxKpe #MusicBiz #MusicIndustry #Apple,1
7 awesome paid #iPhone and #iPad apps that are free for a limited time via @BGR #aapl http://t.co/AAAkSIIgP0,5
Did anyone update their Yosemite? My macbook is running like shit. @apple #apple,1
"Kantar: iPhone 6 helps Apple gain share over Android, iPhone 5c outselling iPhone 6 Plus in US $AAPL #aapl",5
"@jakeflem @Apple That sucks, don't know what it cost in dollars but for us that was ?�400 :(",1
"@sethlouey @Apple iOS updates bricked Trish's phone too, seems like the Apple is getting a bit rotten",1
What's at the core of @Apple's new #iOS7? Excellent updates for your phone's #mobilesecurity. #McAfee - http://t.co/pVo68ZVdq4,5
"Guys at @Apple, is this serious? #Yosemite full of stupid and ugly bugs. Feeling #sad. (cc @tim_cook,@therealjonyive) http://t.co/42Mjc3SsJE",1
#iPhone6 #Plus Grabs 41% of U.S. #Phablet Sales #aapl http://t.co/BiTmwU5e4F,5
Can't believe @Apple said melted keys on Mac Pro is not under warranty for a machine less than a year old. Asking for ?�500 to repair.,1
Hey @apple are you even thinking about fixing your wifi issues? #YosemiteProblems,1
.@Samsungtweets adds some heavyhitting #digitalhealth partners to rival @Apple via @mobihealthnews http://t.co/2vBZ9L8UX5,1
"If you listen to @apple, you'd think the only way to keep your brain sharp is thru certain apps they provide/sell. Uh...reading, muhfugs",1
"The customer service from @apple  is the BEST. In for years having and enjoying their products, I have ZERO complains. Thanks #apple",5
// when i have gone through 6 iphone chargers in the past montht hank s @apple,1
RT @hypebot: Steve Job's Deposition in #iPod Lawsuit Could Cost @Apple $1 Billion http://t.co/7vDXwvxKpe #MusicBiz #MusicIndustry #Apple,1
@umo_games @Apple thanks for the info. Genius was able to get the computer booted by forcing the discreet video card on boot,5
Every new iPhone or update spellcheck suppress my greatness more and more...stop trying to tell me what to type @apple!!!,1
you know why Mac users were so happy to get TurdBolt? because @apple eschewed eSATA since its inception. nut kicks to DEAD Steve.,1
"More expensive @Apple products failing after less than 18 months.  No warranty, no recourse. Why is it we buy this junk again?",1
Got to hear about the new patent by apple ... and that's a quite innovative idea.... @apple.  The mobile screen will never break in future,5
@jakeflem @Apple Yeay! Glad it all worked out for you :),5
@Apple pls let me know when yr sorti out problems wi ipadmini its freezing slow http://t.co/Ou8SsWA6jT,1
Whoever downgrades from a iphone 6 to a 5S obviously doesn't understand the extra 20% battery life. Every morning my 5S is dead. @apple,1
@Shagale @apple why'd you do this to us?!,1
@HeadxCreeps @Apple fuck you apple,1
This new phone sucks I can't make it stand up or on its side I can't wait for the iPhone 7 @apple fix this you dingles,1
Idk if it's my phone or WHAT ! Ip6 ain't shit but problems. @apple fix this shit !!,1
"The iPhone 6 May Have A Longer Upgrade Cycle - If So, Expect Unit Sales To Fall $AAPL #aapl",1
waiting a week for a DUNS number is preventing me from being able to build and release a client's iOS app. @apple why do you hate me so?,1
"last month ip cable this month earpiece, give me a break @apple",1
"More Evidence That Apple, Inc. Needs to Refresh Apple TV http://t.co/thn87b3iTb #AAPL",1
@Apple sometimes I have to restart my phone to make Siri do speak selection and it's annoying #fixit,1
#AAPL:Apple back in court with $1 billion on the line...http://t.co/MdUQi14XQK,1
"Companies i admire : @3QDigital @vaynermedia @apple. It must rocks to work there, because mainly of their boss and their culture.",5
dear @apple Karen wins for best customer service ever. she waited on hold for 12 minutes to help me while I waited on hold w/ my bank,5
@ABillaut @VaynerMedia @Apple Thanks so much!,5
Julian Robertson Still Bullish On Apple Inc. http://t.co/TZR1tF5Gv6 #AAPL,1
"Apple's iPhone Gained Significant Share In The US, Japan, Germany And Great Britain http://t.co/m6e1RP7g6C via @forbes #AAPL #iPhone6",5
Why did @apple send me a new computer today and it is broken... #whyamihavingtomakegeniusbarappointmentsalready,1
"OK, utterly rediculous! Takes 2 hrs to do a simple thing like syncing a ringtone? Itunes Accessability is horific! Again! Rediculous! @Apple",1
RT @SaifBinS3eed: This new phone sucks I can't make it stand up or on its side I can't wait for the iPhone 7 @apple fix this you dingles,1
Goodbye graphics problems. Thank you @apple for such great customer service. http://t.co/XVB8utXOU3,5
Goodbye graphics problems. Thank you @apple for such great customer service. http://t.co/uvohriZKYE,5
#Apple dominates mobile online shopping at 78 percent in US #aapl http://t.co/1fqoPIhObO,5
Hey @Apple I think u need a new product: iPster,1
@BestBuySupport Now I'm being told because it was an @Apple product the price can't be overrided. Must pay full price then call back for an,1
My phone died on 23% @apple what the fuck is this,1
I just got my powerbeats2 back from repair. Shoutout to @Apple x @Beatsbydre,5
@sashametro @mayhembcn @apple happy to help..if u use kind words :). Using apple process is free and fast. http://t.co/qQGQokjaxE. DM with ?,5
"Note to @apple, Mail STILL has trouble sending.  The last update didn't fix it.  Mail that doesn't send?  Not so useful.",1
@jakeflem @Apple good we got a new shiny macs too so we will keep this handy!,5
"Fucking goddamn stupid @apple @iTunes , ur too fucked up! #JustSayin #iTunes",1
"Apple's iPhone Gained Significant Share In The US, Japan, Germany And Great Britain $AAPL #aapl",5
RT @ColtonObrian: My phone died on 23% @apple what the fuck is this,1
Activation of AirDrop on iOS 8.1.1 kills WiFi !! What have you done @Apple ???,1
@apple  #ios8 #iphone6 #issues device with voicemail. 4 the phone being a phone it seems under developed. Ie:listen message and take a note!,1
Apple's iPhone 6 Plus Amazingly Captures 41% of the Phablet Market Right out of the Gate $AAPL #aapl,5
The iPhone 6 Plus Will Be Huge In China This Spring $AAPL #aapl,5
@googlenexus Support said can't test NFC so can't assume my phone is not working. Keep saying can't DOES HELP. I'll go back to @Apple.,1
.@tim_cook That rage when dealing @Apple Geniuses when they maintain 'it's not a known issue' when a simple google search shows it's a big 1,1
Barclays Raises AAPL Price Target by 17% to $140 $AAPL #aapl,5
@Apple help! My Mac memory has been cleared and now it's asking for a password? It's not the old one and I can't get on it!,1
@apple happy new month,5
@RedXPower @ChristmasCount @Apple apples are meant to be healthy,1
@RedXPower @ChristmasCount @Apple but these phones make people fat lol,1
#Siri never understands me. She just said she was 'new 2 my language' and didn't get me. I speak English without major accent. #Apple @Apple,1
BLOCK TRADE detected in #AAPL,1
Thanks @lausd @apple and @pearson for the great leadership.Federal grand jury subpoenaed documents from L.A. Unified http://t.co/SgGqVMczlH,5
"@BedBathBeyond you're selling this lightning cord, doesn't work. #AccessoryMayNotBeSupported @apple what's the deal? http://t.co/QvqDqbIlnL",1
"my @apple badge finally works at my work site, just tore the guest sticker badge into many, many pieces ... feel like a new man!",5
@BedBathBeyond I could of just gone to Canal Street for a knockoff #CmonMan And @apple Why must I pay $30 for a lightning cord?,1
Another lawsuit against @Apple - this one is about #iPod antitrust tactics in #iTunes http://t.co/QSA1R6soQe,1
@Apple to Pay $24 Million for Infringing on Ancient Pager #Patents http://t.co/L1Mn38VvmV Sure...why not. #intellectualproperty #IP #pgsIP,1
@apple why can't i fnd netbot on app store !? help ASAP,1
Wow. Yall needa step it up @Apple RT @heynyla: Music and snapchat at the same damn time. Thank you #Note4,1
You should be able to leave FaceTime video messages @apple,1
@sampepper can not believe that @apple are still with you given the nature of what u have been accused of.   disgusting.,1
Why can't I hide the gray controller on the DVD player? What heck? @apple http://t.co/izCIqWbtFL,1
"@pdbogen Yeah, it's not for everyone. I sold my soul to @Apple a while ago. Thanks for the link!",1
@whereiscooldude @Cyrus_T_Virus @Apple wait no im okay here but yeah actually we should burn it down,1
@apple @verizon where the fuck is my phone it shouldn't take this long.,1
Great piece from @howardlake on @apple &amp; the new #RED #app store - profits from exclusive content go to @GlobalFund: http://t.co/XpOzPTnWSV,5
@LIMFestival lolol. Stupid phone. Should say best and most varied. @apple sort this phone out. Apols.,1
"Shockingly, iMessage on the desktop is fucked up again. Great work, @apple. Seriously, on point with network services as only you can do.",1
"@Technical_Chart ust sayin', #AAPL is still the king....",5
@Apple - What if I don't want my money going to Africa to fight AIDS?  We have problems here we need to fight.,1
my laptop battery went straight from 60% to 3% @apple,1
"Last yearI bought 'Superman' and 'Superman Returns' from @iTunes, now they aren't available for me to stream, and @apple has no real answer.",1
I will definitely think carefully in the future about buying something from @itunes if @apple Support can't even tell me what's going wrong.,1
THIS 16GB IS GOING TO KILL ME. IM THIS CLOSE TO TAKING A SHIT ON MY PHONE @Iphone @apple,1
"But I'm beyond thankful for the help @Apple gave me today. Computer was defective and they replaced it, while I just payed the difference",5
if i fail poli sci because of this fucking laptop i'm suing @apple,1
Got new cases. :) @apple @applestore @citycreek #slc #citycreek #apple #applestore #red #productred #aids #founda... http://t.co/Zfgt6VPJMz,5
Wtf.. My phone is in do not disturb and I'm still getting notifications.. Fix this shit @Applebees @apple,1
Currently on hold with @Apple in Cupertino to try to set up a Genius Bar appointment in Madrid #dontask,1
First tweet from my new @apple #iPhone 6 Plus. #newtoy,5
you just did too much you asshole. @apple get your shit together.,1
So @apple wouldn't fix my phone and claims that I didn't tell them to screen was fucked.,1
"#iPhone6 users complain to @Apple [#Apple] about front. (#Wednesday, 3 #December) http://t.co/PiCjZ3u6us",1
Got new cases. :) @apple @applestore @citycreek #slc #citycreek #apple #applestore #red ... http://t.co/eiT3tsudcu http://t.co/U2w19NhHMU,5
.@google Trumps @Apple In Streaming Media Sales http://t.co/c46Dr8M3gA,1
Apple Secretly Deleted iPod Owners' Songs Downloaded From Competing Music Services http://t.co/glvCdIKMwG #AAPL,1
"dear @apple, ",1
@apple please get yourself together! I need my products to work!,1
"dear @apple,",1
"@apple Hi! A few days ago I purchase 2 ringtones and non of them appear on my phone or purchased, but they appear in my credit card",1
@APPLE IF YOU DIDNT MAKE SUCH GOOD PRODUCTS I WOULD BOYCOTT YOU FOREVER,5
"As the sun devils were making their 20-2 run on us, my phone called 4 people and hung up on them all on it's own. WTF! #iphoneissues @apple",1
#Apple admits it deleted songs purchased through competing stores from iPods ... - http://t.co/5YDlxI8TJ5 #AAPL #RealNetworks,1
@UNLVgirl @Apple gotta switch to that Android life #Galaxy,1
"LUV @apple #iphone I've had pretty much all the iPhones. #3GS, #4 , #4s , #5c &amp;  #MobilePhone http://t.co/p1mlp2zlyK http://t.co/9MT4uQeXFT",5
"Not happy @Apple have caused this to happen through a #osx system update, still on Mavericks @jetbrains http://t.co/Uyd4qUSZ7Z",1
@Apple is becoming very petty about not allowing certain Apple Dev resources work in Chrome.,1
@PaulYarns @beatsbydre @BeatsSupport @Apple I agree about apple. Their customer service is based on condescending employees treating,1
Is there anything more maddening than notifications re-appearing with app upgrade? @Apple,1
@Apple your chargers SUCK,1
more* fuck you @iphone @apple,1
#AAPL:Apple Inc. (AAPL) Falls For Week Because Of Monday Morning Drop...http://t.co/ut65KwzukC,1
Apple Inc. CEO Donates $291K To Pennsylvania School District http://t.co/9gkKgWuASR #AAPL,5
@Apple runs the world..look around you,5
My fix for syncdefaultsd crashing every five minutes and losing preference settings: keep System Preferences open @Apple,1
#ios8 upgrade creates #cutandpaste problems @apple not impressed. Anyone else ha,1
"@iTunes @apple my music library wont sync new music etc, iTunes tells me sync completed, nothing new uploaded,how do I fix this? FRUSTRATING",1
@apple fucking let everyone name the group chats their own things please and thanks,1
@Apple honestly sucks,1
.@andrewdmilam @WintekNOC @Apple @netflix @google You get 6ms ping. I get no connection. Thanks @comcast http://t.co/yRPSypXgGi,1
"@Apple, Yosemite needs a lot more testing. Just hooked machine to Thunderbolt Display and was greeted with this. http://t.co/93qCPkJX9m",1
How do I only have 12.7 GB used if my phone is 16 GB? @Apple http://t.co/itSSqNqLIa,1
@apple make some better chargers fam or make them cheaper cuz rn this ain't getting the job done,1
Has anyone figured out why @Apple iPhones randomly lose their contacts for a few hours for no reason? #wth,1
how can my phone die while plugged in wtf @apple,1
Hey @apple @sprint I'm not a fan of your latest commercial!!,1
how is 41 degrees nice weather @apple http://t.co/kcGV7iynpw,1
@Apple accused of deleting songs from #iPods without users' knowledge http://t.co/hujK0yawTO,1
@Google Chrome Books OVERTAKE @Apple devices in the Education market! http://t.co/HOSTWl2Udg via @CNET,1
over 1 hour on hold with @apple customer service trying to figure their messup o http://t.co/E5gCvoJTPO,1
Fuck you @apple,1
RT @Shuevey: Fuck you @apple,1
iPhone chargers can suck my ass @apple #disappointed,1
Aye forreal tho done w yo bs @Apple,1
"@Apple, how does the word 'demographic' not have any synonyms attached in your dictionary application #incompetence",1
Wtf @apple y'all shit be cheap. http://t.co/jeOimq3HNA,1
RT @WeeWiii: Wtf @apple y'all shit be cheap. http://t.co/jeOimq3HNA,1
iPhone battery life takes the piss sort it out @apple iphone #iphone #apple http://t.co/6f1QuV2DUt,1
"Seriously wtf iPhone. It's been fucking up all day, now it won't let me set my alarm for my 9:30 lecture. Fkn @apple you can pay my tuition",1
'@JamesLoera: @mariah_reagan true.. Silly iPhone' @apple get your life together,1
RT @mariah_reagan: '@JamesLoera: @mariah_reagan true.. Silly iPhone' @apple get your life together,1
@apple u niggas really put this weak ass album n this gay ass artwork on my iPhone? Im bout to go buy my first Galaxy http://t.co/WzJfN9WKMs,1
Apple Inc. Fails App Store Trademark Appeal http://t.co/B2dCY6BilY #AAPL,1
@Apple removed songs from iPods without telling customers http://t.co/C29jxFuNcJ,1
@apple why is it that your iPhone's alarm fails to work sometimes?? I missed 3 bonus points from a class because of this. Sooooo annoyed,1
Photo: Amazing customer service today @Apple. UTC store. I worked form the store for several hours on... http://t.co/9tLhm3p2z6,5
I'm so done with this piece of shit phone why doesn't it ever send me notifications when taylor tweets fuck u @apple,1
Amazing customer service today @Apple. UTC store. I worked form the store for several hours on #TBJApodcast while... http://t.co/yNS6oCmO8l,5
Loving the OS update for my Mac! #Yosemite @Apple,5
where's a freaking gelato emoji when you one? (cc: @apple),1
"Oh @apple, how many Feedback Assistant messages do I have to send before you do anything about it?",1
@agiletortoise Once again @apple is inconsistent with app rules to maintain their Plausible Deniability. Sorry to hear that Greg @draftsapp,1
.@apple has a 40% market share of UK smartphone market - driven by the Iphone 6. Great that over a third of sales were made in Apple stores.,5
I thought this shit was suppose to be gorilla glass @apple,1
Great @apple attachment means we can watch @walkleys awards via @abciview via my @ipad @MikeCarlton01 @frankellyabc http://t.co/lGK2z6pI8F,5
@DUNS4Apple @sashametro @Apple Your definition of 'easy' is warped. Thanks for the useless corporate speak.,1
"11am and 20% battery. Die, @apple",1
@EE Did that yesterday... again! Told the issue was with @Apple not @EE .This has just added to the worst 3 months of customer service ever!,1
When is @apple going to stop producing these pieces of shit earphones? Its about time for earphones that dont tangle! http://t.co/qFSHqwc4Zj,1
"I'm happy now, thnx fags. @apple",5
Here's Apple's Next Great Business (AAPL) http://t.co/Crci4dHH39 #InvestWall #AAPL,5
thank you Mr Smug @apple @traffordcentre who told me I was at fault for lightening cable breaking. Err no just read the forums. #Crapcable,1
"@wastwater1 l agree with you, they're about as robust as a chocolate fire guard @Apple @traffordcentre",1
"@edvones @Apple @traffordcentre 'But you see sir, its how you handle them' No its not if so robust why a wall full of them....#appleporkies",1
@smiIingbarakat @Apple YEAH APPLE UR SLACKIN,1
"Apple Devices Clobber Androids On Cyber Monday, But The Underdog Is Catching Up $AAPL #aapl",5
Well thanks @apple for losing over 5000 of my songs off my classic and now every photo i had on my itouch was deleted. #greatcompany,1
Day 338: my 1st iPod from 2005. Had stopped workin years ago!!! Just Came back to life!! Wtf @Apple http://t.co/oiqLRf4ke9,5
why does @Apple take so long to send you the password reset email #ipod #apple #soslow,1
@wastwater1 make them poor to increase profits? #cynic @Apple @traffordcentre,1
#Apple Is Now Worth More Than The Entire Russian Stock Market http://t.co/m3XCgggik7 via @bi_contributors #AAPL $AAPL,5
"New products, 'innovative services' lead Barclays to hike Apple price target by 17% to $140  $AAPL #aapl",5
Walked into work and seen this . Who tf traded in a bent up ass iPhone. @apple yall needa fix this shit http://t.co/41AD2aQig3,1
Almost want back to an android because why won't Apple have torrent?@apple,1
"Thanks @apple for the heads up but I live in a frozen wasteland, not an arid desert. http://t.co/D39VbqfUaA",5
"RT @JPDesloges: Apple iPhone 6, 6 Plus and Retina iMac ship times improve in time for holidays  $AAPL #aapl",5
RT @aaaron: Insanely great news. @adroll teams up with @apple for iAds programmatic launch,5
@engadget why are apple users surprised? @apple tells them how to hold their phones what's on their phones &amp; what they can listen to #isheep,1
Why Apple  Is Poised to Have a Record-Breaking Holiday Season $AAPL #aapl,5
@Apple  you need to sort your phones out.,1
RT @JPDesloges: Why Apple  Is Poised to Have a Record-Breaking Holiday Season $AAPL #aapl,5
"@apple Why is your NYC Grand Central store so bad when it comes to service? 14th Street is much, much better...",1
"#iPhone6 sales success gives @Apple [#Apple] best ever UK market position. (#Thursday, 4 #December) http://t.co/HfvAuOzsoX",5
Fuck you @Apple my phone has been searching for service for almost a complete day,1
RT @BGPublic: Even MORE reason for @Apple to stop using benzene in its manufacturing.,1
@apple #greatservice thanks for helping me out. #sylvester,5
I've been waiting 2 months for my iPhone 6+ what the fuck @Apple @ATT,1
@Samsung is way better than @Apple,1
BLOCK TRADE detected in #AAPL,1
I truly feel @Apple #apple needs to do more with iTunes Match to make it worth it.,1
Is this happening on your #iTunes account? @Apple is secretly deleting your non-iTunes music. http://t.co/zo2aMRYg9i,1
"From afternoon tea to @Apple #iPadAir2, there is something for everyone with #touchpoint rewards. - Visit http://t.co/L9RG7TZj6y more info",5
"Hey @apple, fuck you for thinking I want text messages to pop up on my computer, iPad and phone.. #ThisIsWhyPeopleGetMurdered",1
"If you offer @apple feedback on their messaging program, the webpage is from iChat (so like 2010): http://t.co/vw1DpEB4fH",1
@apple you are loosing all the things that used to make you so much better to live with than windows,1
I don't undestand how @SYFNews #CreditCare website doesn't work on @Apple prod-Had to request paper bills #WhatYearIsIt #poorcustomerservice,1
"Congrats @inderstweet RT @kinsa: FDA-cleared, smartphone-connected thermometer @Apple stores! http://t.co/OlZZ0naTwg http://t.co/o6PcIiJew4",5
BLOCK TRADE detected in #AAPL,1
@Apple's share of UK smartphone sales soared to 39.5% in the 3 months to October thanks to #iPhone6 launch,5
okay so now the sound to my phone is messed up..I really think you're doing this on purpose @apple,1
What the hell is this @apple @WhatsApp #glitches http://t.co/iKuRl4iUOE,1
"RT @ProzacNation_: 11am and 20% battery. Die, @apple",1
#Apple Inc. To Have An 'Explosive' Quarter: JMP Analyst #aapl http://t.co/mqDNEmhHuQ,5
How an SVN connection led to safer conditions for @apple's workforce http://t.co/c36k5fVoHQ @GreenAmerica @GlobalLabor1,5
How Apple  Is Crushing Google  On Mobile Shopping  $AAPL #aapl,5
what are you talking about @Apple I back it up all the time http://t.co/6imGXmhwNJ,1
#AAPL:Beacons Hit Stores Ahead of Holidays...http://t.co/sSdd7YRfJt,5
RT @SVNetwork: How an SVN connection led to safer conditions for @apple's workforce http://t.co/c36k5fVoHQ @GreenAmerica @GlobalLabor1,5
BLOCK TRADE detected in #AAPL,1
My new MBP is freaking awesome @apple #apple #macbookpro #lovingit,5
"#AAPL Shorting Apple @ 116 $. Love the company, love their products, everybody admires Apple, but the capitalization is way too wild.",5
@zagkmerrick wtf @apple fix this,1
"TheStreet: #Cramer Says Buy mApple, as #Avago Tech's Earnings Hint at Big Demand #avgo #aapl http://t.co/iabVpFUIoc",5
@radbarakat @Apple i dOMT THINK SO,1
Apple named 10th-most disruptive idea in the past 85 years by Businessweek $AAPL #aapl,1
RT @JPDesloges: Apple named 10th-most disruptive idea in the past 85 years by Businessweek $AAPL #aapl,1
#PeroQueMorro !!!! 'Lawyers say #iPods deleted songs not purchased from @Apple' https://t.co/Q0klhG3VEx via @gigaom,1
"'@Forbes: While @Apple still dominates e-commerce, @Android devices are grabbing market share: http://t.co/Pto4CTvUTV'",5
I could really kick @apple 's ass. This iPhone 6 battery sucks moldy dick on a Tuesday night ! Worst shit ever. Only last 4 fucking hours.,1
Disgusted with @apple advertising for the iPad air. #falseadvertising #nono,1
Done with this iPhone 6 plus Apple or sprint giving me my bread back. Trash ass phone full of fuck ups @sprint @apple,1
RT @jgreerthaatruth: Done with this iPhone 6 plus Apple or sprint giving me my bread back. Trash ass phone full of fuck ups @sprint @apple,1
"@Apple ay cuhz step your shit up,have a good phone with a real charger ready by february or we outro",1
An OSX update just bricked my MacBook Pro!. @apple fuck..,1
#AAPL:A Developer Perfectly Summed Up The Limitations Of The Apple Watch...http://t.co/xv4HImX5ub,1
"The CEO of @evernote warns wearables makers that tech needs productivity, not novelty like @apple Siri ",1
#AAPL:How Apple Inc (AAPL) Is Crushing Google Inc (GOOGL) On Mobile Shopping...http://t.co/XNxyWUPMM4,5
Free s/o @apple for this nice iPad,5
"@MhDaDon @Apple def gotta have it, I don't even like watches",5
"@nheagy @apple needs to stop auto arranging the home screen, and allow users to position apps wherever they want.",1
"Lol fuck you @apple, if I'm going to pay you my left arm &amp; leg for a product.. make it last for more then a couple months #ShittyChargers",1
I have no more storage left. Fuck you @apple,1
"If you would've invested $50,000 in 2005 in #AAPL stock you would have $1,315,066 today. #shucks",5
.@codeorg it looks like @Apple is offering a free course on one of their programs - is that the same thing you are seeing? #HourOfCode,5
"Gotta love the Genius Bar @ @apple!! Thanks for your help Alex!! @ Apple Store, Suburban Square http://t.co/OLfpZ8m9qX",5
@jmroubinek I wish @apple would do something similar! Its almost worth switching to samsung for it,1
#AAPL:Apple executives to take stand in antitrust trial...http://t.co/mzzN6VfFI4,5
@PCAudioLabs is in and @Apple is out at Emanon Records.  Apple was premium product. Now it is an average product with a premium price.,1
My iPAD is playing disgusting music and I cannot make it stop. HELP! @apple,1
Nice job @Apple. Would you like your kid to sit on this? http://t.co/xXrnHodYyG,5
iCloud Drive quirk: delete a folder with stuff...it reappears with same stuff.  #icloud @apple,1
It took just one month for the #iPhone6Plus to become the king of #phablets... @Apple is king! #Jobspring #technews http://t.co/mAoSN8Hrrs,5
"Spent 6000 EUR at Apple. iPhone 6 camera no longer works.Told I got water in it,I did not. Unacceptable customer service @apple",1
"RT @slawfr: Spent 6000 EUR at Apple. iPhone 6 camera no longer works.Told I got water in it,I did not. Unacceptable customer service @apple",1
Looks like @apple could become a leader in CS education http://t.co/bEMaGRTR5i,5
It took just one month for the #iPhone6 #Plus to become the king of #phablets http://t.co/Ige6PxbsIF via @BGR #aapl,5
"New @apple problem. At airport. Boarding pass on phone. Held up to scanner at security, and my #ApplePay credit card takes over screen.",1
Dear @Apple: I love my iPhone 6 Plus...A lot. It is a great achievement; But why is it the only iPhone I've had that reboots 3x/day? #Fail,5
@Apple deleted users' non-#iTunes music and didn't tell them about it http://t.co/UyT2ePDlTw via @Appy_Geek #apple #music,1
iOS 8.1 has fucked my battery life on my iPhone 6. Really starting to wonder if @apple has any quality control anymore. Wish I was on 8.01,1
"what maketh thee of this pesky 'b' that appears at the end of people's text messages, @apple @tim_cook?",1
"Apple 'deleted' rivals' music from iPods, court hears - http://t.co/R8Rrb2IXmb @apple #Apple #ITunes #iPods http://t.co/bx2wiJokSX",1
Very displeased with the lack of #BDSM themed #Emojis. @Apple @Android,1
second phone charger broke in two weeks @apple i hate you,1
"No @macbook today,charger broken .help please @apple what can i do...",1
Hey @Apple can you fix Safari your querySelectorAll so jQuery unit tests pass?  https://t.co/aTZHzXWGu1 http://t.co/ggPgET4812,1
"'An overarching conspiracy' @Apple, @google, @DisneyPixar, &amp; more accused of suppressing worker compensation. http://t.co/fGWyAxmasC",1
my phone was on 19 percent and then it shut off okay @apple fuck you,1
"RT @OneRepublic: Studio at 45,000 ft.  One outlet,  4 computers.  @Apple we need the batteries of the future NoW!!!! http://t.co/astp9x6KET",1
"RT @OneRepublic: Studio at 45,000 ft.  One outlet,  4 computers.  @Apple we need the batteries of the future NoW!!!! http://t.co/astp9x6KET",1
"RT @OneRepublic: Studio at 45,000 ft.  One outlet,  4 computers.  @Apple we need the batteries of the future NoW!!!! http://t.co/astp9x6KET",1
"RT @OneRepublic: Studio at 45,000 ft.  One outlet,  4 computers.  @Apple we need the batteries of the future NoW!!!! http://t.co/astp9x6KET",1
@OneRepublic @Apple yeah guys,5
@OneRepublic @Apple I really miss you!,5
@OneRepublic @Apple So amazing,5
"RT @Proto_Zsay: what maketh thee of this pesky 'b' that appears at the end of people's text messages, @apple @tim_cook?",1
"@OneRepublic @Apple 40,000 feet keep flying :)",5
"RT @OneRepublic: Studio at 45,000 ft.  One outlet,  4 computers.  @Apple we need the batteries of the future NoW!!!! http://t.co/astp9x6KET",1
"RT @OneRepublic: Studio at 45,000 ft.  One outlet,  4 computers.  @Apple we need the batteries of the future NoW!!!! http://t.co/astp9x6KET",1
"@OneRepublic @Apple 45,000 feet keeeppppp flyinggggg",5
"RT @OneRepublic: Studio at 45,000 ft.  One outlet,  4 computers.  @Apple we need the batteries of the future NoW!!!! http://t.co/astp9x6KET",1
"RT @OneRepublic: Studio at 45,000 ft.  One outlet,  4 computers.  @Apple we need the batteries of the future NoW!!!! http://t.co/astp9x6KET",1
"RT @OneRepublic: Studio at 45,000 ft.  One outlet,  4 computers.  @Apple we need the batteries of the future NoW!!!! http://t.co/astp9x6KET",1
"RT @OneRepublic: Studio at 45,000 ft.  One outlet,  4 computers.  @Apple we need the batteries of the future NoW!!!! http://t.co/astp9x6KET",1
"RT @OneRepublic: Studio at 45,000 ft.  One outlet,  4 computers.  @Apple we need the batteries of the future NoW!!!! http://t.co/astp9x6KET",1
"RT @OneRepublic: Studio at 45,000 ft.  One outlet,  4 computers.  @Apple we need the batteries of the future NoW!!!! http://t.co/astp9x6KET",1
"RT @OneRepublic: Studio at 45,000 ft.  One outlet,  4 computers.  @Apple we need the batteries of the future NoW!!!! http://t.co/astp9x6KET",1
"RT @OneRepublic: Studio at 45,000 ft.  One outlet,  4 computers.  @Apple we need the batteries of the future NoW!!!! http://t.co/astp9x6KET",1
"RT @OneRepublic: Studio at 45,000 ft.  One outlet,  4 computers.  @Apple we need the batteries of the future NoW!!!! http://t.co/astp9x6KET",1
"RT @OneRepublic: Studio at 45,000 ft.  One outlet,  4 computers.  @Apple we need the batteries of the future NoW!!!! http://t.co/astp9x6KET",1
"RT @OneRepublic: Studio at 45,000 ft.  One outlet,  4 computers.  @Apple we need the batteries of the future NoW!!!! http://t.co/astp9x6KET",1
"RT @OneRepublic: Studio at 45,000 ft.  One outlet,  4 computers.  @Apple we need the batteries of the future NoW!!!! http://t.co/astp9x6KET",1
"@OneRepublic @Apple The plane is amazing! You look so cool. Yes, we all need this battery. Write me for this list. :)",5
"RT @OneRepublic: Studio at 45,000 ft.  One outlet,  4 computers.  @Apple we need the batteries of the future NoW!!!! http://t.co/astp9x6KET",1
"RT @OneRepublic: Studio at 45,000 ft.  One outlet,  4 computers.  @Apple we need the batteries of the future NoW!!!! http://t.co/astp9x6KET",1
"RT @OneRepublic: Studio at 45,000 ft.  One outlet,  4 computers.  @Apple we need the batteries of the future NoW!!!! http://t.co/astp9x6KET",1
"RT @OneRepublic: Studio at 45,000 ft.  One outlet,  4 computers.  @Apple we need the batteries of the future NoW!!!! http://t.co/astp9x6KET",1
"RT @OneRepublic: Studio at 45,000 ft.  One outlet,  4 computers.  @Apple we need the batteries of the future NoW!!!! http://t.co/astp9x6KET",1
@OneRepublic @Apple How cool that you're working on new music. Can't wait to hear it. But you're working hard. You need rest. :),5
"RT @OneRepublic: Studio at 45,000 ft.  One outlet,  4 computers.  @Apple we need the batteries of the future NoW!!!! http://t.co/astp9x6KET",1
@OneRepublic @Apple Hahha All Apple Users have the Same Problem /,1
@OneRepublic @Apple Thanks for sharing pics. Awesome guys! :),5
"RT @OneRepublic: Studio at 45,000 ft.  One outlet,  4 computers.  @Apple we need the batteries of the future NoW!!!! http://t.co/astp9x6KET",1
@OneRepublic @Apple MY BABYYYSS,5
@OneRepublic @Apple HOW THEY LOOK THIS IS SO CUTE,5
@OneRepublic @Apple I WANNA HUG THEM SO MUCH,5
@OneRepublic @Apple THIS IS SO BEAUTIFUL,5
@OneRepublic @Apple this is awesome! Can I join?,5
"RT @OneRepublic: Studio at 45,000 ft.  One outlet,  4 computers.  @Apple we need the batteries of the future NoW!!!! http://t.co/astp9x6KET",1
"RT @OneRepublic: Studio at 45,000 ft.  One outlet,  4 computers.  @Apple we need the batteries of the future NoW!!!! http://t.co/astp9x6KET",1
This is why I moved over to @Apple... http://t.co/fAW3zsfzt7,5
"RT @OneRepublic: Studio at 45,000 ft.  One outlet,  4 computers.  @Apple we need the batteries of the future NoW!!!! http://t.co/astp9x6KET",1
"RT @OneRepublic: Studio at 45,000 ft.  One outlet,  4 computers.  @Apple we need the batteries of the future NoW!!!! http://t.co/astp9x6KET",1
"RT @OneRepublic: Studio at 45,000 ft.  One outlet,  4 computers.  @Apple we need the batteries of the future NoW!!!! http://t.co/astp9x6KET",1
"RT @OneRepublic: Studio at 45,000 ft.  One outlet,  4 computers.  @Apple we need the batteries of the future NoW!!!! http://t.co/astp9x6KET",1
"RT @OneRepublic: Studio at 45,000 ft.  One outlet,  4 computers.  @Apple we need the batteries of the future NoW!!!! http://t.co/astp9x6KET",1
"RT @OneRepublic: Studio at 45,000 ft.  One outlet,  4 computers.  @Apple we need the batteries of the future NoW!!!! http://t.co/astp9x6KET",1
"RT @OneRepublic: Studio at 45,000 ft.  One outlet,  4 computers.  @Apple we need the batteries of the future NoW!!!! http://t.co/astp9x6KET",1
Mark #Zuckerberg Takes Shot At #Apple #AAPL #FB  http://t.co/9U3UYhrZeM via @benzinga,1
"RT @OneRepublic: Studio at 45,000 ft.  One outlet,  4 computers.  @Apple we need the batteries of the future NoW!!!! http://t.co/astp9x6KET",1
"OK, @apple - I guess app developers should takethis weeek off, huh? http://t.co/3w6XEgxEW4",1
@OneRepublic @Apple awsome,5
"RT @OneRepublic: Studio at 45,000 ft.  One outlet,  4 computers.  @Apple we need the batteries of the future NoW!!!! http://t.co/astp9x6KET",1
@OneRepublic @Apple You all are ready to go. #ColoradoLovesYou,5
"RT @OneRepublic: Studio at 45,000 ft.  One outlet,  4 computers.  @Apple we need the batteries of the future NoW!!!! http://t.co/astp9x6KET",1
@ATTCares I want to stay with @Apple  me and @SamsungMobile don't get along,5
"RT @OneRepublic: Studio at 45,000 ft.  One outlet,  4 computers.  @Apple we need the batteries of the future NoW!!!! http://t.co/astp9x6KET",1
Phone just died while it was plug in. @apple what the hell?,1
"RT @OneRepublic: Studio at 45,000 ft.  One outlet,  4 computers.  @Apple we need the batteries of the future NoW!!!! http://t.co/astp9x6KET",1
"RT @OneRepublic: Studio at 45,000 ft.  One outlet,  4 computers.  @Apple we need the batteries of the future NoW!!!! http://t.co/astp9x6KET",1
@OneRepublic @Apple That's what I was thinking today! After nearly two years mine only lasts for four hours now :(,1
@OneRepublic @Apple #AppleAddict ! The show in Paris was Amazing !!!! Thank you guys !!!! See you soon !,5
"RT @OneRepublic: Studio at 45,000 ft.  One outlet,  4 computers.  @Apple we need the batteries of the future NoW!!!! http://t.co/astp9x6KET",1
@OneRepublic @Apple 'YOU CAN DO IT' ;),5
"RT @OneRepublic: Studio at 45,000 ft.  One outlet,  4 computers.  @Apple we need the batteries of the future NoW!!!! http://t.co/astp9x6KET",1
"RT @OneRepublic: Studio at 45,000 ft.  One outlet,  4 computers.  @Apple we need the batteries of the future NoW!!!! http://t.co/astp9x6KET",1
@OneRepublic @Apple wow that's amazing,5
I'm really enjoying GarageBand. @apple #GarageBand,5
"RT @OneRepublic: Studio at 45,000 ft.  One outlet,  4 computers.  @Apple we need the batteries of the future NoW!!!! http://t.co/astp9x6KET",1
"RT @OneRepublic: Studio at 45,000 ft.  One outlet,  4 computers.  @Apple we need the batteries of the future NoW!!!! http://t.co/astp9x6KET",1
I got faith in you @Apple don't let me down. Help me help you,5
We're at CIOsynergy #CIOLosAngeles - giving away @apple TVs | Visit @aternityinc and @zensar http://t.co/sralpfxDkz http://t.co/dEDirtiABC,5
"RT @OneRepublic: Studio at 45,000 ft.  One outlet,  4 computers.  @Apple we need the batteries of the future NoW!!!! http://t.co/astp9x6KET",1
"RT @OneRepublic: Studio at 45,000 ft.  One outlet,  4 computers.  @Apple we need the batteries of the future NoW!!!! http://t.co/astp9x6KET",1
"RT @OneRepublic: Studio at 45,000 ft.  One outlet,  4 computers.  @Apple we need the batteries of the future NoW!!!! http://t.co/astp9x6KET",1
"RT @OneRepublic: Studio at 45,000 ft.  One outlet,  4 computers.  @Apple we need the batteries of the future NoW!!!! http://t.co/astp9x6KET",1
"RT @OneRepublic: Studio at 45,000 ft.  One outlet,  4 computers.  @Apple we need the batteries of the future NoW!!!! http://t.co/astp9x6KET",1
why the fuck are all my messages being sent through my email and not phone number @apple,1
"#AAPL Lawsuit: #Apple Deleted Songs From iPods Without Telling Users: According to The Guardian, Apple deleted... http://t.co/S9usqrgOAV",1
Can someone @apple tell me why I now have to reset my AppleTV every other day? Interesting that there's a IR remote code to reset the box.,1
#AAPL:Apple deleted music from customers' iPods...http://t.co/ieyvCmYgaV,1
"RT @OneRepublic: Studio at 45,000 ft.  One outlet,  4 computers.  @Apple we need the batteries of the future NoW!!!! http://t.co/astp9x6KET",1
"RT @OneRepublic: Studio at 45,000 ft.  One outlet,  4 computers.  @Apple we need the batteries of the future NoW!!!! http://t.co/astp9x6KET",1
"RT @OneRepublic: Studio at 45,000 ft.  One outlet,  4 computers.  @Apple we need the batteries of the future NoW!!!! http://t.co/astp9x6KET",1
".@Apple rules, .@Windows &amp; .@BillGates blow!",5
@Apple tree who knows. Maybe the cop didn't get a cig deal.  Senseless.,1
@apple is this how you train your employees to deal with issues?? To hang up on the customer? After 15 fucking minutes of me waiting on hold,1
@OneRepublic @Apple I spy a pair of M50s @USAudioTechnica Keep up the good work!,5
Finally got my iPhone 6 in the mail and it comes out of the box with a busted screen.  Thanks @apple,1
iTunes is pissing me tf off @apple,1
RT @JPDesloges: Kantar Worldpanel: iPhone sales in October were 'huge' $AAPL #aapl,5
"@morrisjordan42 I would say it had a good life but fuck man, little guy was only like 3 mths old, fck u @apple and ur piece of shit chargers",1
Dash now accepts #ApplePay. @apple Thanks @braintree for making this happen #mobilepayments #paywithdash http://t.co/OxWmavCScN,5
@apple pls make better chargers :),1
Yay @Apple customer support was super nice and helpful and now my iMessages is verified.,5
"Waited until I finished #dissertating to install #yosemite on my aging MacBook. Yikes @apple, those icons sure are #ugly!",1
Thought this just happened to me. Why I HATE @apple to this day. http://t.co/19G2JYZOGI via @rollingstone,1
'They certainly do not have the design of @apple or platform of @Android. Not surprised tablets/phones failed.' @BradStone #leadinginlocal,5
Cool piece .@apple:  http://t.co/KNHGEp26rv .@DawnC331,5
Whoever works on the @apple iTunesConnect backend needs a good slap across the back of the head. Bad #UX and vague error messages ahoy.,1
@apple please work on being able to still use your phone when someone calls you so I can successfully ignore my moms call while on Twitter,1
At the Genius Bar@apple store.  Very helpful #AAPL staff and whoever helped me was genius. Comp wking again. http://t.co/GBPQdl8eCN,5
My Iphone just autocorrected believe to beiber. @apple how hard do you guys need to give it up?,1
"RT @OneRepublic: Studio at 45,000 ft.  One outlet,  4 computers.  @Apple we need the batteries of the future NoW!!!! http://t.co/astp9x6KET",1
@AngelaYake @googledrive @HuluPlus @Apple @google @YouTube Love it! Some great dance moves too :),5
WHAT THE ACTUAL FUCK @apple,1
"RT @OneRepublic: Studio at 45,000 ft.  One outlet,  4 computers.  @Apple we need the batteries of the future NoW!!!! http://t.co/astp9x6KET",1
"Ugh so annoyed, 3 chargers in the last 4 weeks I hate you @apple",1
"The Slow Food Movement is a Metaphor for the platform strategy of Apple on iPhone, iPad and Apple Watch. #AAPL",1
"RT @OneRepublic: Studio at 45,000 ft.  One outlet,  4 computers.  @Apple we need the batteries of the future NoW!!!! http://t.co/astp9x6KET",1
"RT @OneRepublic: Studio at 45,000 ft.  One outlet,  4 computers.  @Apple we need the batteries of the future NoW!!!! http://t.co/astp9x6KET",1
It is such fucking horseshit that I have to install Chrome just to watch @netflix on my Mac. Hey @Apple when are you going to fix this?!??,1
"RT @OneRepublic: Studio at 45,000 ft.  One outlet,  4 computers.  @Apple we need the batteries of the future NoW!!!! http://t.co/astp9x6KET",1
How long is this @apple iOS 8.1.1 update going to take?!,1
"RT @OneRepublic: Studio at 45,000 ft.  One outlet,  4 computers.  @Apple we need the batteries of the future NoW!!!! http://t.co/astp9x6KET",1
"In the world of #mobile #processors, #AAPL 64 bit chips blow away #competition. #disruptive #technology at its best  http://t.co/7oU10PJFMp",5
I just want to delete all my emails without turning 40 @apple,1
"Congrats to @Apple, Mary Sotos @WorldResources  for Green Power Leadership Awards at REM14 @GreeneMarktplc  http://t.co/ssrfEyx4Sf",5
@OneRepublic @Apple aww look tht u have a lot of work guys good luck!,5
"@apple official I have 2 appletv's constantly loosing network co, Watching tv media is impossible, Can you re",1
Ok seriously... When is @apple going to fix iOS 8? I'm still missing music!,1
@Windows it is funny that you need an old @apple @mac to promote your new @lenovo #applesetsthetrend,5
FUCK U @apple i just dropped my new IPHONE6  and it got all sctratched up ! IM DONE WITH APPLE SO FUCKING FRAGILE,1
@OneRepublic @Apple So great to see that you guys are recording in the air! Hopefully batteries of future will come out soon! :),5
Why do you hate business so much @Apple?,1
@lihdior_ @apple fuck wrong witchall niggas ?,1
RT @codygotMs: @lihdior_ @apple fuck wrong witchall niggas ?,1
Get three way FaceTimeing. Im sick of google hangouts. @Apple,1
@apple #macos #yosemite is a buggy piece of shit. It makes me miss #windows8.,1
@apple make bigger storage,1
Omg omg I just paid a kinder Bueno w @apple #pay at walgreens awesome experience @ Walgreens http://t.co/f2q6vMOjmG,5
Photo: Omg omg I just paid a @kinder Bueno w @apple #pay at @Walgreens awesome experience (at Walgreens) http://t.co/7agepRjbjk,5
if my phone dies mid tweet I will SUE you @apple,1
This happened to me SEVERAL times!! Fuck you @Apple deleted rivals' music from iPods for years...http://t.co/QBvcBmZVOF @MailOnline,1
I'm not happy about that @apple,1
@Apple just changed the game #AppleLive,5
@Apple get it together,1
@apple and @VerizonSupport the support I received for my iPad tonight was ridiculous going in circles with no solution smh,1
.@apple The iPad update to iOS 8 is an absolute disaster. Nothing works right anymore. Safari crashes constantly. #iFail,1
@Apple deleted music from customers' iPods http://t.co/FzmaFUzrnl,1
hey @apple why is my phone dying when it's on the charger ,1
"RT @OneRepublic: Studio at 45,000 ft.  One outlet,  4 computers.  @Apple we need the batteries of the future NoW!!!! http://t.co/astp9x6KET",1
@apple doesn't even own that handle? LOL SIRI knows NOTHING is what I wanted to tell you Mac peeps,1
"RT @OneRepublic: Studio at 45,000 ft.  One outlet,  4 computers.  @Apple we need the batteries of the future NoW!!!! http://t.co/astp9x6KET",1
@apple #YosemiteProblems Erases my saved pass words every day. This is getting annoying.,1
And they ain't open till 8 to help me so I can't even contact anyone for the shoot now @apple u can suck multiple digs. Whack,1
I hate my MacBook now. Fuck this update and fuck you @apple,1
yall chargers weak yall needa make iPhone charger otterboxes for the cord @apple,1
s/o to @apple for charging me for two ringtones and then not letting me use them. #ThanksObama,1
@cooolestnerd and these are the top places to work: @twitter @google @yahoo @facebook @apple doesn't reflect society's makeup.,1
@ch0ng_li @Apple I'll take a look at that. I'm fed up with iPad well &amp; truly..,1
I swear to fuck I would rather cut and splice physical fucking tape than dick around with one more @Apple product with shit design.,1
I love @apple bc I can record in my home. But can they pull some serious fuckshit. This thing is designed to get lost http://t.co/ULeXs7PVCv,5
"Apple may be working on virtual reality, but it's destroyed the evidence",1
Your telling me there's no Santa Claus emoji? @Apple,1
Playing with @apple #healthkit. Somebody needs to show them how to make proper axis labels. #infographic #design http://t.co/HjWIYe6MZB,1
"Between 07 &amp; 09, @Apple deleted #music off of some customers' iPods without telling them http://t.co/PgXi2dr4Wg http://t.co/yBK9Ix23qb",1
"RT @OneRepublic: Studio at 45,000 ft.  One outlet,  4 computers.  @Apple we need the batteries of the future NoW!!!! http://t.co/astp9x6KET",1
"Apple Inc. (#AAPL), Anti-Trust Laws, Class-Action Lawsuit And Viable #Plaintiffs http://t.co/ipjzO3wy0A #technology",1
#sunrise #northamptonshire #northampton wow what a sunrise this morning #iPhone6 #apple @apple #sun http://t.co/9NiAoTLAVy,5
RT @marksutton65: #sunrise #northamptonshire #northampton wow what a sunrise this morning #iPhone6 #apple @apple #sun http://t.co/9NiAoTLAVy,5
This is why I would never want to own an @apple device. But sadly people seem to be okay with that. http://t.co/EK4vESbigs,1
"Gotta love the autocorrect in IPhone. Nothing makes a person more illiterate than that. Fuck me,quit guessing and not let us correct. @Apple",1
"RT @OneRepublic: Studio at 45,000 ft.  One outlet,  4 computers.  @Apple we need the batteries of the future NoW!!!! http://t.co/astp9x6KET",1
"@OneRepublic @Apple that looks amazing, don't think anyone can say they recorded music on a plane haha",5
"'@OneRepublic: Studio at 45,000 ft.  One outlet,  4 computers.  @Apple we need the batteries of the future NoW!!!! http://t.co/Pqy2nOBaE9'",1
'After School' app gets pulled by @apple ... I say good!  Cyber bullying is awful http://t.co/RQPMQ08hXp,5
@weightsmate @Apple total nightmare!!!! and they take a big slice of the cake !,1
Why is my phone on 26 if I charged it all night hmmmmm? @apple @stevejobs @god,1
@steviebuckley It's doing strange things to @dropbox files as well - create a new folder and it disappears etc.  @apple #yosemite #bugs,1
It's done well but my '04 @apple 40gb #ipod photo has possible come to an end after 10yrs. Battery won't charge! :( http://t.co/e9oGDNlcmw,1
RT @hf: @imcatnoone @Apple or you can't even sync folders,1
Steve Wozniak tries to gut the legacy of the late Steve Jobs. #uncool @apple http://t.co/ccPbgibI7B via @BloombergTV,1
That's what happened to my music! @Apple deleted music from customers' iPods http://t.co/zvJoangfIK,1
"OK, I finally decided to buy this BIG 'iPad' to phone... #iPhone6 grey by @apple. Normally more excited. http://t.co/gAWgKDJUuf #smartphone",5
i for India: Apple plans big push with 500 stores $AAPL #aapl,5
@dougluberts @drakecraytel @Apple it is a universal problem with 128gb models. Some people think there will be a total recall.,1
@Apple to host free workshops to take the mystery out of coding - CNET  #technology #coding  http://t.co/VisJpcqMYp,5
Apple TV fades away in streaming video player market - @Apple #vod #streaming http://t.co/5jYgtiCWlc,1
The dirty secret in the shadow of Silicon Valley  http://t.co/yS41C4Y1SO @google @yahoo @apple nice 2 know ur doing good with ur billions!,1
"Finally! @Apple Gives #India the Attention it Deserves, Plans to Set Up More Than 500 Stores http://t.co/imomyJOdFF via @igyaan",5
Any other #iPhone6 users have a random #vertical #line showing up on their screen since #upgrading to #ios811? @apple,1
RT @OvelhaNegraTV: Apple TV fades away in streaming video player market - @Apple #vod #streaming http://t.co/5jYgtiCWlc,1
I JUST HELD MY PHONE CLOSE TO MY CHEEK AND IT GAVE ME A SHOCK OHHSHIT @APPLE HELP,1
https://t.co/4RZOXmdypG fully explains our airplay trouble @inbot. @Apple: fix your shit.,1
After Years Of Losses Apple Is Finally Clawing Back Some Market Share Against Android $AAPL #aapl,5
#AAPL:Apple deleted songs from customers' iPods...http://t.co/ieyvCmYgaV,1
"RT @OneRepublic: Studio at 45,000 ft.  One outlet,  4 computers.  @Apple we need the batteries of the future NoW!!!! http://t.co/astp9x6KET",1
The @apple enterprise developer agreement is (wait for it ) 719  (seven hundred and nineteen) pages !!,1
"When a company is playing catch-up, it lost its innovation momentum. Sorry @apple http://t.co/jSDeyIpnek via @tomshardware",1
Only had the iPhone 2 years. Still can't decipher how to use calendar @apple #isitme #who gets paid how much?,1
"RT @tomlindberg99 'Congrats to @Apple, Mary Sotos @WorldResources for Green Power Leadership Awards @GreeneMarktplc '",5
@Apple GBP200 repair an #iPhone5 that died 4 mths out of warranty. The new phone comes with only 90 days warranty. Why?!?! #unhappycustomer,1
Mark #Zuckerberg Slams Tim #Cook: You Don't Care About Your Customers #fb #aapl http://t.co/HWDmpRoIgT http://t.co/58j6KPMIlI,1
@AppleOfficialll @apple I can't say enough about how awesome Apple has been. They've already processed a reorder for the phone that UPS lost,5
Mark #Zuckerberg Slams Tim #Cook: You're Not In Alignment With Your Customers #fb #aapl http://t.co/HWDmpRoIgT http://t.co/YUIelx9q2J,1
@Apple 'deleted #iPod #music from rival services' http://t.co/a9VO9E0g5F,1
@apple Excellent customer service thanks Ian #applestorecoventgarden,5
"@Apple, why I cannot alt+tab back to full screen app!? GRRRR! #usability",1
@apple why the fuck when I leave my charger at home do I gotta start sending my goodbye texts at 10:09am?,1
How Apple Became One of the Greenest Companies in America http://t.co/eM2TLoctXd @apple @Newsweek #energy #efficiency,5
RT @FaZeNikan: yea let me just pay 600 dollars for phone so it dies at 30% fix your shit @apple,1
@Facebook founder attacks @Apple boss over 'ridiculous' comments http://t.co/pverWexJv8,1
"Dear @Apple, I place all my browser eggs in the #Safari basket. Guess what? Safari is broken, please fix the release you pulled. #FAIL",1
"Foxconn Robots Proving Unsuitable for iPhone Assembly, Updated Versions in the Works http://t.co/jSmVSN6v8r #AAPL",1
The king of the phablets! Apple's iPhone 6 plus is bestseller for past three months - $AAPL #aapl,5
What is the point of making an apt at @apple Genius Bar when you sit and wait for 40 min and counting?!,1
RT @ajhontucan: Your telling me there's no Santa Claus emoji? @Apple,1
@CharlesJMeyer @Apple @Appy_Geek Hasn't Apple been doing this for decades? This is why I don't support Apple. #apple #deletegame,1
"Watching #Orion #eft1 reenter at 20,000mph on my @apple #iPhone as I am driving 80mph through the middle of no &amp; where Texas. #howcoolisthat",5
@Swansonbirds @Apple @Appy_Geek it's definitely a bit frustrating as a consumer. I'm a big @apple supporter,1
Why I Hate #Apple. #aapl  http://t.co/inkCjYw0Lq,1
My @apple power cord caught on fire!   Yet another non-travelling power cord I have less than a year.  #AppleCordFire http://t.co/exC3Wz8CiD,1
What I find alarming about @Apple power cords is how quickly they fray.  I don't always notice when I don't travel with them. #AppleCordFire,1
"And if I leave my Mac plugged in when I leave the house, do I need to check the @Apple power cord every time?  #AppleCordFire",1
And how about kids?  Do parents need to monitor the @Apple power cords daily to make sure they are still safe?  #AppleCordFire,1
"I was out to dinner last night and left my computer to charge.  Had the fire happened then, I'd have no house.  @Apple #AppleCordFire",1
@APSVirginia special education staff working hard on behalf of our students with disabilities @Apple ed1426 http://t.co/1HhSr2Vyoh,5
"Dear @Apple all I want for Xmas is for iOS 8 to stop crashing my iPad.  Signed, Cindy Lou Who of Whoville #apple",1
Hey @Apple how can I take U2's album off my phone?,1
Apple Inc. Deleted Songs From Rival Services From iPods http://t.co/dQwDFpcc4x #AAPL,1
So cool! @Apple stores will host free 'Hour of Code' workshops on Dec. 11 to promote computer science: http://t.co/HrOHssVtK1 #tech,5
9 awesome paid #iPhone apps that are free for a limited time (save over $100!) https://t.co/dUYoNxO2dA via @BGR #aapl,5
@apple the fact these itunes updates makes it anal to reset play counts sometimes yall do the mosttttt,1
Why is it so hard to reach / buy Suicide Squad comics at apple store in Turkey? @apple @DCComics @AppleTurkey,1
@apple how/why did my iCal undo 6 months of entries related to recurring date entries? they all re-set to 'pay CC'. i had changed to $amnt..,1
Way to go @apple http://t.co/Mcgsyxs9Eq,5
Just watched my dad struggle to answer a call because his #iPhone wouldn't let him answer. Great job on #iOS @Apple!!! Not...,1
@apple iCal AGAIN!!! it reset all my recurring in spite of months of individualizing each one per current date. #fail #icloud #sucking,1
Love the @Apple is supporting #HourOfCode with workshops! :) http://t.co/WP8D0FNjNu,5
RT @shannonmmiller: Love the @Apple is supporting #HourOfCode with workshops! :) http://t.co/WP8D0FNjNu,5
RT @shannonmmiller: Love the @Apple is supporting #HourOfCode with workshops! :) http://t.co/WP8D0FNjNu,5
RT @shannonmmiller: Love the @Apple is supporting #HourOfCode with workshops! :) http://t.co/WP8D0FNjNu,5
RT @shannonmmiller: Love the @Apple is supporting #HourOfCode with workshops! :) http://t.co/WP8D0FNjNu,5
RT @shannonmmiller: Love the @Apple is supporting #HourOfCode with workshops! :) http://t.co/WP8D0FNjNu,5
RT @shannonmmiller: Love the @Apple is supporting #HourOfCode with workshops! :) http://t.co/WP8D0FNjNu,5
RT @shannonmmiller: Love the @Apple is supporting #HourOfCode with workshops! :) http://t.co/WP8D0FNjNu,5
Wanted the @apple iPhone 6 but that lighting charger made me go to an @windows @nokia 1020.,1
RT @shannonmmiller: Love the @Apple is supporting #HourOfCode with workshops! :) http://t.co/WP8D0FNjNu,5
@allandthompson @Apple Let me just go ahead and get this one out of the way: 'U gonna get a VIRUS &amp; ur whole house will explode!',1
"Zuckerberg attacks: If Apple really cared about customers, iPhones would cost less $AAPL #aapl",1
RT @shannonmmiller: Love the @Apple is supporting #HourOfCode with workshops! :) http://t.co/WP8D0FNjNu,5
RT @shannonmmiller: Love the @Apple is supporting #HourOfCode with workshops! :) http://t.co/WP8D0FNjNu,5
RT @shannonmmiller: Love the @Apple is supporting #HourOfCode with workshops! :) http://t.co/WP8D0FNjNu,5
RT @shannonmmiller: Love the @Apple is supporting #HourOfCode with workshops! :) http://t.co/WP8D0FNjNu,5
RT @shannonmmiller: Love the @Apple is supporting #HourOfCode with workshops! :) http://t.co/WP8D0FNjNu,5
"My keyboard only ever freezes up when I'm trying to talk to Ian, @apple why do u hate the sophian",1
"2nd day with my new iPhone, WTF @Apple ?!",1
RT @shannonmmiller: Love the @Apple is supporting #HourOfCode with workshops! :) http://t.co/WP8D0FNjNu,5
#iPhone5s is the best mobile that I have had. That's easy It is only that works and It is wonderfull! Thanks @apple @tim_cook,5
Wut? @apple can I have my money back? kthx http://t.co/zVp7MUZDAM,1
took me an hour (half of it was decided in a bubble bath) that I cannot download iOS 8. I hate you @apple @EE,1
@calemcmartin blame @apple,1
"Dude, @apple is all over the marketing for beats. They have a great marketing team at apple.",5
why don't we have harry potter emojis please work on this @Apple,1
RT @cruci0btch: why don't we have harry potter emojis please work on this @Apple,1
RT @cruci0btch: why don't we have harry potter emojis please work on this @Apple,1
RT @cruci0btch: why don't we have harry potter emojis please work on this @Apple,1
RT @cruci0btch: why don't we have harry potter emojis please work on this @Apple,1
RT @shannonmmiller: Love the @Apple is supporting #HourOfCode with workshops! :) http://t.co/WP8D0FNjNu,5
RT @cruci0btch: why don't we have harry potter emojis please work on this @Apple,1
RT @cruci0btch: why don't we have harry potter emojis please work on this @Apple,1
@apple had a dream last night where I downgraded my #iPhone to a 4S and spent the rest of the dream trying to figure out what to do. #shame,1
@apple IOS8 is still shit,1
"@marxculture @AppleUK_  Thanks, I'll keep it in mind. Tho, I've lately been so unhappy with everything @apple that I'm moving away from them",1
@daulfn @AppleUK_ @Apple I have a Windows lappy which works well and was half the price of the alternative,1
@Apple: Apple ID should ALWAYS b able to b set up w/out cred card/PayPal/gift card attach to it. You'll still get your $ if they buy. #fail,1
RT @cruci0btch: why don't we have harry potter emojis please work on this @Apple,1
@Apple admits deleting rival music store tracks from iPods | Apple | http://t.co/DPH21dL8K3 http://t.co/GEAgJUuRSO,1
"Is it just me, who feels #Yosemite eats more battery &amp; Resource than #Mavericks?  @Apple are you reading this?",1
@apple u used to b cool what happened,1
IT &amp; marketing systems @AmericanExpress cause headaches as card holders with @Apple Pay are being opted in for promotions without permission,1
..@facebook founder @MarkZuckerberg attacks @apple boss @TimCook over 'ridiculous' comments about ads http://t.co/fNKDDbfLzV,1
"RT @_Jamelia_: Dude, @apple is all over the marketing for beats. They have a great marketing team at apple.",5
"@ATTCares @senisbs Wireless Family Share plan, one line upgrade just killed my discount. Not sure it was mentioned on @Apple pre-order page.",1
#AAPL RT @cue: Proud to be part of #HourofCode next week. Events at Apple retail stores around the world. http://t.co/ag2ki1ZDVf,5
RT @shannonmmiller: Love the @Apple is supporting #HourOfCode with workshops! :) http://t.co/WP8D0FNjNu,5
RT @shannonmmiller: Love the @Apple is supporting #HourOfCode with workshops! :) http://t.co/WP8D0FNjNu,5
itunes is awful &amp; is ruining my life fix your shit @apple,1
"#Forget @Apple [#Apple]'s #iPhone and @SamsungMobileUS #Samsung's Galaxy, the #humble flip phone is back. (#Frid... http://t.co/6CiLI9sCw6",1
#AAPL:Why can't Apple meet demand for the iPhone 6?...http://t.co/200wqsCPaG,1
"had soo many iPhones and never had a problem, smashed 2 screens in 3 months with this 6 @apple u can suck my balls",1
"RT @taraluv_: had soo many iPhones and never had a problem, smashed 2 screens in 3 months with this 6 @apple u can suck my balls",1
Is there ever going to be a moment y'all are going to fix the battery? Mine goes from 100% to 22% in an hour. @apple,1
Sorry @samsung but I will be taking my smartphone talents over to @Apple. The iphone 6 is more reliable &amp; is better for everyday usage.,5
"#Why #can't @Apple [#Apple] meet demand for the #iPhone6?. (#Friday, 5 #December) http://t.co/dCKe05pVa4",1
Paid $20 for a new 5 charger and couldn't  b more pissed about it... this is rape @apple,1
@Apple my wifi is on &amp; working on everything else but my ipad. i'm so pissed. TWO DAYS it's been like this! GET IT TOGETHER #Apple,1
OR @phone OR @apple I FUCKING HATE YHIS OHONE OMG IM SO EMBARRASSED,1
Why can't Apple meet demand for the iPhone 6? #AAPL http://t.co/niSTjt22ql,1
RT @shannonmmiller: Love the @Apple is supporting #HourOfCode with workshops! :) http://t.co/WP8D0FNjNu,5
"IE, Chrome, and Firefox all now have public feature roadmaps...come on, @apple Safari!  Feel free to fork http://t.co/rmkflGk5ZH",1
morning or should I say evening now that @apple replaced my crimped cord! http://t.co/xoaFbFKqTL,1
"@jacobrossi yeah, seriously... why doesn't @Apple have one?  Good developer relations I think to have one.",1
hey @apple my 5s keeps glitching :/,1
"Hey @Apple, every time you update iTunes you make it worse. And worse. #DontUpdateiTunes",1
@britt_bumgarner @briannalengy I mean it didn't auto correct so who is really at fault here @apple,1
@briannalengy @JessicaB515 @Apple apple I'm gonna sue you for thatb,1
Every time I change keyboards this come up. Like wtf @apple get your shit together http://t.co/A9cimyYod8,1
@apple last time I checked I thought I bought a iphone 6 not a slippery ass bar of soap disguised as one. I DIDNT DESERVE THIS,1
RT @danielllebaker: Paid $20 for a new 5 charger and couldn't  b more pissed about it... this is rape @apple,1
Protesters in the @Apple store pretty much sums it up. Its like a gravitational pull. Shocked it took this long. Next stop? STARBUCKS!!,1
RT @mrushh: hey @apple why is my phone dying when it's on the charger ,1
I have to be honest. My once great fanaticism for @Apple is turning into an equally great dislike.,1
"@apple, I really do know my mouse batteries haven't inceased in charge since the last time my mac told me they were low",1
#chrome needs a fucking update ASAP. Why do @apple and @google play this stupid back n forth shit over software. #letmecreate,1
"My phone died at 8%, why would you let this happen @apple?",1
dang this phone fuckin sucks. fuck you @apple!!! piece of shit iPhone man. y'all disappoint me.,1
Safari just crashed on me and I didn't have any tabs open wtf @apple,1
Hey @apple how about you guys make a charger that lasts more than 2 fucking weeks,1
@MrBeagleman @Kronykal @Apple That coffee's not even fair trade!,1
got some stuff @apple store &amp; @macys for men #FashionShowMakl,5
RT @Metzzler: Hey @apple how about you guys make a charger that lasts more than 2 fucking weeks,1
RT @hsmoghul: My @apple autocorrect changes Muslim to awesome and I'm okay with that,5
RT @mrushh: hey @apple why is my phone dying when it's on the charger ,1
Man the @ESPN3 app on @apple TV is some hot garbage.,1
"If you have an iPad 2, DON'T update it to iOS8, it's buggy and slow! #apple @apple",1
@Apple fix your ios8 garbage software mix in an update ASAP,1
WHAT THE HELL @apple,1
"CGK had laptop prob today.  @apple  Local #, useless. Tech support, useless. 1 hr at Genius Bar, useless.  Buy a PC next time?",1
@Cleosbaby64 @Apple @stackizshort Thank You Good Coverage W/ NoFear,5
RT @FullCircleOne: @Cleosbaby64 @Apple @stackizshort Thank You Good Coverage W/ NoFear,5
@fullcircleone ThanX! Big @Apple ThanX goes 2 @stackizshort &amp; @Rebelutionary_Z on the ground #Ferguson2NYC #BlackLivesMatter #ICantBreathe,5
"the silicone on my case is peeling, wtf @apple",1
"Y'all petty as hell, @Apple...",1
"@apple http://t.co/rOyOwjfiW5 What a nice piece of crap you've created. Great job. Pay more, get less, #crapple #fail",1
fuck u @apple,1
@tim_cook @therealjonyive #iosissues @ios8problems @Apple More issues. Now safari. I want jobs quality control back. http://t.co/W2754JV0dI,1
Since when did @apple stop replacing iPhone units due to defect? Just because I have some scratches on my phone doesn't mean I dropped it.,1
@apple on hold 56 min....,1
My phone is plugged in and losing battery. Thanks @apple,1
"Hitting below the belt! @Apple 'deleted' rivals' music from iPods, court hears. http://t.co/QiyqAukvc1 #musicnews",1
Ha ha @NY1 just reported that the 'lie in' at @apple was more organized then the normal big crowds that they're use to #ShutItDown,1
@apple DUCK OFF,1
HOW TF DO U EVEN GET LASAGNA AND LARYNGITIS MIXED UP WTF @apple,1
@apple @stevejobs @iTunesMusic yooo fam it's been 48 hours where's my email back I need that @JColeNC album when it drops,1
"@apple BS that US-purchased iPhone 5 not covered by battery replacement program (https://t.co/LUWqKtRW1g) in India. Arbitrary, unfair. Fix!",1
Protestors taking over an @apple store.  Really?  Can't find a government office or something that will make change.,1
RT @WolfInPigsCloth: Even the @Apple #NYC flagship store wasn't spared a visit from the #EricGarner protests @verge: http://t.co/xEuDG7rAN7,1
"@apple what is my iPhone not know the difference between too, two &amp; to",1
MY LAPTOP WONT FUCJING TURN ON OR CHARGE I DIDNG PAY 10000000000 FOR THIS @APPLE,1
YO YOU AINT SHIT @apple,1
my calls wit amanda keep ending @apple fix urself,1
RT @lukesmut: my calls wit amanda keep ending @apple fix urself,1
#apple to expand #retail in #India by opening 500 new stores.,5
@Jman98jlb @San0529 my phone does it automatically for some reason. Kinda dumb. Thanks @Apple,1
I can't queue songs on an iPhone @apple @timcook #FixIt,1
RT @hsmoghul: My @apple autocorrect changes Muslim to awesome and I'm okay with that,5
@daviddavidw @AugustSmartLock you know what #sucks ? @apple stores have had these locks weeks before many who preordered. #smh,1
I'm still mad @apple,1
@tehhGOAT @Apple do you by accident have me blocked or?,1
You'd think safari would work well since it's an apple product but no it's been freezing constantly. Such crap products @apple,1
Khloe Kardashian has a black iPhone 6 but I still don't have mine???... @Apple whats going on huh? picking favorites? you biased fucks,1
Real tired of my charger breaking every month @Apple,1
RT @paisley_smithh: Real tired of my charger breaking every month @Apple,1
@apple fix os x please.,1
My messages aren't sending...@apple tf is going on,1
#AAPL:Corrupt Apple exec sentenced to 1 year in prison...http://t.co/uCQYyBqrgM,1
@apple #apple corporate raiders selling weak products that stop working within weeks&amp;apple gets out of warranty by claiming dampness,1
RT @swerviinnn: My messages aren't sending...@apple tf is going on,1
@apple I think Steve Jobs would have been proud. #ICantBreathe http://t.co/PKKmKyLSPt,5
@swerviinnn @Apple maybe stop being a whore for once and sleep,1
my notifications are so messed up thank u @apple,1
"@jimmymujaj @Apple it works again fucker, not being a hoe if it's only one person SMD",1
@swerviinnn @Apple you are very hostile tn,1
"@Google, @Apple @Unilever are the world's most in-demand employers @LinkedIn",5
@applenws @Apple @AppleProducts Ok yall need to reverse my phone back to iOS 7 bc I can't do this anymore,1
Frustrated after unsuccessfully trying to fix outgoing SMTP configuration. &lt;3 @Apple but this is unacceptable #YosemiteProblems #apple #help,1
@itsblaney hey @Apple why is this happening to my phone,1
@Apple I'm so done with your products like what kind of a FaceTime call is this @AppStore http://t.co/lxKI8qrlc1,1
THE WORLD'S FIRST MURDER VIA FACETIME THANK YOU FOR THIS INNOVATION @Apple http://t.co/Rz8es3q3fj,1
RT @ehsonakbary: THE WORLD'S FIRST MURDER VIA FACETIME THANK YOU FOR THIS INNOVATION @Apple http://t.co/Rz8es3q3fj,1
RT @ehsonakbary: THE WORLD'S FIRST MURDER VIA FACETIME THANK YOU FOR THIS INNOVATION @Apple http://t.co/Rz8es3q3fj,1
. @apple I don't think the '59' should be so close to the '00' when setting an alarm on an iPhone. Many times I have fallen victim to this.,1
RT @ehsonakbary: THE WORLD'S FIRST MURDER VIA FACETIME THANK YOU FOR THIS INNOVATION @Apple http://t.co/Rz8es3q3fj,1
RT @LawKitson: Wut? @apple can I have my money back? kthx http://t.co/zVp7MUZDAM,1
"Please @Google, replace Java for another language. Follow @Apple's example, innovate!",5
@briankardell @jacobrossi @Apple Apparently even the info if a bug is going to be fixed must be kept secretly. Apple says f*** you to devs.,1
#AAPL:Apple's iPhone 6 Lead-Times Still Longer Than Previous Models...http://t.co/2Bgo33v309,5
The company crushing @Apple and Samsung in China is making an amazing super-cheap phone http://t.co/55GmnhluXz http://t.co/hxOFXT7Lm7,1
@illogikal @Apple nigga fuck yo couch lol,1
RT @hsmoghul: My @apple autocorrect changes Muslim to awesome and I'm okay with that,5
When you request custom gift wrap from @apple ... Don't do it ... http://t.co/DoenA0e8nx,1
Facebook CEO Mark Zuckerberg criticizes Apple $AAPL #aapl,1
Can @Apple survive the 2014 Holiday? Investors Say Yes.  http://t.co/N65qhPiM8K,5
Apple Could Face iPhone 6 Shortages Next Year $AAPL #aapl,1
RT @TheStreet: Can @Apple survive the 2014 Holiday? Investors Say Yes.  http://t.co/N65qhPiM8K,5
@Apple can you fix your devices!!! Some albums are not available on iTunes I download illegal and this happens. http://t.co/NOdur7Nb8C,1
$aapl @Apple survive the 2014 Holiday? Investors Say Yes.  http://t.co/RanqKt2Q9n'#roc #NYC #California #SanFrancisco #tech #christmas2014,5
RT @TheStreet: Can @Apple survive the 2014 Holiday? Investors Say Yes.  http://t.co/N65qhPiM8K,5
"RT @OneRepublic: Studio at 45,000 ft.  One outlet,  4 computers.  @Apple we need the batteries of the future NoW!!!! http://t.co/astp9x6KET",1
Can @Apple sTOP making their OS installations so damn bloody difficult STOP ASKING ME TO CLEAR SPACE FROM MY HARD DISK,1
RT @JPDesloges: Apple's Dilemma With Apple TV  $AAPL #aapl,1
Dear @Apple:  Where the ever-lovin' heck did you put the navigation arrows in the iTunes store? Do you even use your own software?,1
Thank you to the nice lady at @Apple in #RegentsStreet for helping me grab my phone today ^_^ You are a life saver!,5
UBS Sees More Apple Inc (AAPL) iPhone Sales http://t.co/RBAa0cIdbE #AAPL,5
"Major crisis avoided @apple. You guys were able to restore my daughter's  #iPhone. Great service, thanks. #5starservice",5
Apple Inc's Brand Value Jumped 21% -- Here Are 3 Companies Soaring Even ... http://t.co/1uquSOjXLm #AAPL,5
#AAPL:Here's The Perfect Gift For Any Apple Fan...http://t.co/uNPTO1gjbL,5
Apple Inc's Brand Value Jumped 21% -- Here Are 3 Companies Soaring Even ... http://t.co/oYaZb1Xeed #AAPL,5
"Happily, @apple restored my faith in them today at their Arndale Store following my earlier complaint.",5
@aaronpaul_8 @YoBitch you have to do an android version...  or I'll change to @apple @iPhone,5
"@Apple Watch's high-priced fashion focus on the mark, survey says http://t.co/sujgrCk69t #SNRTG #BMRTG #BTRTG",5
Mobile companies really need to learn from @apple @oneplus they don't roll out phones left right &amp; center and yet have strong fan following,5
Review: Harman Kardon Esquire Mini is the best iPhone speakerphone you ... - http://t.co/Fn5X3aeIXw #AAPL #EsquireMini #HarmanKardon,5
Dear @Apple thank you for inventing brightness dimmers for iPhones because my hungover self could not handle it otherwise,5
@Apple Love #ApplePay and its security features.  Pls. make it work with iTunes 2 eliminate need for my cc info. I'll pay ahead. #PayItSafe,5
@zdarsky @apple Bad Eyesight is for PC and android users.,5
bought new @apple earpodstm,5
Thank you @apple #AppleSantaMonica for fixing my friend's phone in less than 2 hours free of charge. You guys are the best.,5
@stevewoz @Outback Its good to see you doing these videos on apple ii and doing possible @apple related projects is all very exciting.,5
@stevewoz @Outback Personally I am excited about @apple projects like 0 gravity and things in development even though  I only own iPod.,5
New MacBook Pro is AMAZING!  Thanks @Apple,5
"Washed my earphones by accident, still works. Thank you @apple , actually did something good",5
@nosheenh2oo9 @Apple this is my most favorite tweet,5
RT @_emilymahon: @nosheenh2oo9 @Apple this is my most favorite tweet,5
Enjoying my studio wireless beats. @beatsbydre @apple,5
"#UBS increases #Apple's #iPhone6 sales, revenue and #EPS http://t.co/7dpnAB6cuY #AAPL $AAPL $UBS #tech #iPhone6Plus http://t.co/pBQ3ijHAnD",5
Inspiring People - Steve Jobs  ,5
fun..fun nights..Post birthday celebration of rfrancoben and @apple. http://t.co/maRHLxgV0F,5
Yeeaaayyy....awesome OS X Yosemite 10.10.1 roccckkkssss m/ https://t.co/cK8wPnN91V @satan_oppa @apple,5
"UBS Increases Apple's iPhone 6 Sales, Revenue And EPS $AAPL #aapl",5
Apple: $115 matches 8.4% increase in earnings. Use 2014Q3 EPS=$1.42 in  #free IOS App Donkey Stocks. #AAPL,5
Apple: UBS Evidence Lab Increases iPhone estimates to 70.9 million $AAPL #aapl,5
Nice job @Apple - Learn to code opportunities next week at Apple stores nationally #edtech #stem #ap http://t.co/JatgD1ce8q,5
@Apple you guys should make pipes too!,5
My phone just charged 23% in 45 seconds thanks @Apple,5
@Apple store #nyc I am honored to be here. #travel http://t.co/JnbCd79z1b,5
Loving my @apple #iPhone6Plus even though I've hyperextended my thumb reaching for the top Apps #thestruggleisreal,5
@GordieStewart22 @Apple welcome to the club!,5
Safari consumes less battery by pausing flash video every 5 seconds. Thanks @apple,5
"#Music is always part of my life, and everyday @Apple is also as important as music to me http://t.co/oAeF2IIvrm",5
Cool Stuff Found: @Apple Posts 'iPad Air 2 - Change' Commercial with Focus on New Ways of Doing Things,5
tweeks @apple get a new patent for protection with a center gravity motor. Automatically senses the impact ratio. ,5
@BestBuy @apple wishes do come true!http://t.co/yK9niORzif,5
#AAPL:Apple Donating Portion of Profit to Fight Against AIDS...http://t.co/BR05N1U3Qr,5
Thanks @Apple store @RobinaTC for helping me out with my iPhone today! Great service with a smile. #Apple,5
RT @hsmoghul: My @apple autocorrect changes Muslim to awesome and I'm okay with that,5
Thanks @Apple for getting the last word. http://t.co/AH8BIbz6pm,5
"For a limited time, the iBookstore is offering our eBook at the lowest price ever. http://t.co/I23zcKUoeW @Apple @iBooks",5
Gonna be dreaming about my laptop.. If only @Apple would hurry the heck up..,5
Nice try @apple http://t.co/or4mMBkQIG,5
I bet #SIRI @apple is better some peeps http://t.co/V19M9YnmAn,5
Thanks @Apple for the preview of your smartwatch. #fitnesstracker #quantifiedself #IoT http://t.co/WAGN08SDNc,5
Do not disturb setting so nice THX @apple,5
Photo: Yaaass. Shoutout to @apple.holidays and to @stevejobs for being amazing! #iPhone #stevejobs... http://t.co/6IObBn59MQ,5
RT @fakebananas: Thanks @Apple for the preview of your smartwatch. #fitnesstracker #quantifiedself #IoT http://t.co/WAGN08SDNc,5
S/o @apple for the headphones!,5
Wars and Battles is featured on the App Store in the category 'Best New Games' in 108 countries! @Apple Thanks! http://t.co/HTGO8T3Yj8,5
@stevewoz @apple apple stock has doubled since Steve jobs death and increased 15x since his return in the late 90s,5
Take the stress out of looking for Christmas presents &amp; get a 15% student discount at @Apple http://t.co/ulqHvLVzLY http://t.co/3VoUTa45gb,5
"Hope @apple store Arndale could pass on to the staff member staff thats visually impaired she is an inspiration, Great work #InAwe #WellDone",5
"Apple Stock in Upward Trend After 'Explosive' Holiday Quarter, Apple Watch Release in 2015 $AAPL #aapl",5
Apple's iPhone 6 Lead-Times Still Longer Than Previous Models  $AAPL #aapl,5
.@dell ordering a laptop today. How about I try @apple or @lenovo instead. Maybe their reps will be kind instead of THIS behavior.,5
@apple thank you http://t.co/wmSinAAuQf,5
Takes more than #marketing to convert shoppers to buyers. @Apple &amp; @VictoriasSecret create a total sense experience. http://t.co/5a4G6455JR,5
Bruh @apple real niggas need that 128GB Ipod touch already,5
Why the iPad is anything but doomed $AAPL #aapl,5
Apple Continues Beefing Up Digital Audio Expertise by Hiring Dana Massie From Audience $AAPL #aapl,5
Steve Jobs Predicted Future Of E-Commerce Back In 1996 &amp; Got It Exactly Right! http://t.co/w7q2G2SCbH via @sai #ecommerce #AAPL,5
It makes you smarter.  Elevate is @apple app of the year!  Congratulations @jessepickard and team.  http://t.co/r0cgmthoCC,5
RT @schreier: It makes you smarter.  Elevate is @apple app of the year!  Congratulations @jessepickard and team.  http://t.co/r0cgmthoCC,5
RT @schreier: It makes you smarter.  Elevate is @apple app of the year!  Congratulations @jessepickard and team.  http://t.co/r0cgmthoCC,5
@schreier @sequoia @Apple @jessepickard yes it surely is a smart game . Even peak is good,5
RT @schreier: It makes you smarter.  Elevate is @apple app of the year!  Congratulations @jessepickard and team.  http://t.co/r0cgmthoCC,5
Love the new @apple @ipadair_2 TV spot - http://t.co/nW7a6iXsjE,5
First to own 2600 digital languages IP is NEW leader of the Internet. Terms based on performance! .@apple .@samsung http://t.co/J1Jfx5occV,5
Thank u @Apple for having outstanding customer service &amp; exchanging a phone case that was clearly not made 4 the power user #customerforlife,5
S/O to the techs at @apple,5
RT @schreier: It makes you smarter.  Elevate is @apple app of the year!  Congratulations @jessepickard and team.  http://t.co/r0cgmthoCC,5
Apple Inc.'s (AAPL) Momentum Seems Nearly Unstoppable http://t.co/54tGY7Qezx #AAPL,5
"Yeah +1 thing I'm inspired by is Apple of course. So, Apple++. Here is TV ad from 2002: http://t.co/s5MgeHg9bO @apple #tvad",5
Here's why #Apple shares will reach $135: Analyst #aapl http://t.co/KMU1kNQTY0,5
Great service at @Apple #BethesdaRow thanks Jenna and Brandon!!!!!!!,5
@Apple conclusion : Best client service ever,5
Nice1 @Uber... @Apple says these are the best #apps of 2014 http://t.co/HafmqqQdo5 via @Techland,5
The 5 best #iPhone games you should play this week http://t.co/SSokhrtlIL via @Techland #aapl,5
@Apple stores will host #free #coding workshops for #HourOfCode on 12/11/14 http://t.co/339o5OVY6H Via @TechCrunch @codeorg #computerscience,5
APPLE'S TIM COOKE HITS THE NAIL ON THE HEAD http://t.co/96c0F0rfgX @tim_cook @apple #Apple #technews http://t.co/5cbhUAQbrL,5
I love my phone so much thank you based god @apple,5
"The 10 biggest differences between #Mac and #PC.  Yep, I'll stick with my Mac! #apple http://t.co/R45I1MHYX5 @apple @LisaEadicicco",5
You'll be back in my life soon @apple,5
"The 10 biggest differences between #Mac and #PC.  Yep, I'll stick with my Mac! #apple http://t.co/bxbjni5iHn @apple @LisaEadicicco",5
"The 10 biggest differences between #Mac and #PC.  Yep, I'll stick with my Mac! #apple http://t.co/obykvsjfJY @apple @LisaEadicicco",5
RT @HorseshoeBmore #Holiday #Giveaway! To ensure you stay in touch on the go ck out brands like @Apple @amazon http://t.co/3mcZw84vbp,5
#AAPL providing another great entry point &lt; $115,5
"the ##Best #iPhone Apps Of The Year, #According To @Apple [#Apple]. (#Monday, 8 #December) http://t.co/rFE2j3C60K",5
We're so excited to be named to @Apple's 'App Store Best of 2014' list this year! http://t.co/d7qlmti4Uf #Apple,5
RT @SwiftKey: We're so excited to be named to @Apple's 'App Store Best of 2014' list this year! http://t.co/d7qlmti4Uf #Apple,5
RT @SwiftKey: We're so excited to be named to @Apple's 'App Store Best of 2014' list this year! http://t.co/d7qlmti4Uf #Apple,5
RT @SwiftKey: We're so excited to be named to @Apple's 'App Store Best of 2014' list this year! http://t.co/d7qlmti4Uf #Apple,5
Great time had @Apple store on Friday. @RussellFerg &amp; his #krumpers &amp; a #talkBack http://t.co/N6RdHXm2oP @TWDanceCenter #UrbanNutcracker,5
Completely in love with my @apple #iphone6 right now. Playing with my #newphone &amp; digging into some @pappajohns. Day=Complete #pizza,5
cool 90 minutes later I now have Yosemite X on Macbook not bad for an almost 10 year old computer still run strong @Apple #winning,5
Always so impressed with the customer service at the @apple store square one. My laptop works again and didn't cost me a dime!,5
thanking @apple for the 'do not disturb' feature,5
RT @gxldblvnts: thanking @apple for the 'do not disturb' feature,5
"RT @TeamCavuto: Protesters stage #DieIn protests in @Apple store in NYC... Is it me, or is this anger misplaced? RETWEET if you agree.",5
"RT @TeamCavuto: Protesters stage #DieIn protests in @Apple store in NYC... Is it me, or is this anger misplaced? RETWEET if you agree.",5
"RT @TeamCavuto: Protesters stage #DieIn protests in @Apple store in NYC... Is it me, or is this anger misplaced? RETWEET if you agree.",5
"RT @TeamCavuto: Protesters stage #DieIn protests in @Apple store in NYC... Is it me, or is this anger misplaced? RETWEET if you agree.",5
"RT @TeamCavuto: Protesters stage #DieIn protests in @Apple store in NYC... Is it me, or is this anger misplaced? RETWEET if you agree.",5
"RT @TeamCavuto: Protesters stage #DieIn protests in @Apple store in NYC... Is it me, or is this anger misplaced? RETWEET if you agree.",5
@pambesteder @TeamCavuto @Apple well said,5
RT @Sjado: @Listen2Lena 3x bonus airmiles @Apple right now! #airmilesshops,5
"RT @TeamCavuto: Protesters stage #DieIn protests in @Apple store in NYC... Is it me, or is this anger misplaced? RETWEET if you agree.",5
"RT @TeamCavuto: Protesters stage #DieIn protests in @Apple store in NYC... Is it me, or is this anger misplaced? RETWEET if you agree.",5
"RT @TeamCavuto: Protesters stage #DieIn protests in @Apple store in NYC... Is it me, or is this anger misplaced? RETWEET if you agree.",5
Leading Android fansite recommends Apple Inc iPad Air 2 as best tablet in ... http://t.co/RkGpcFlV7q #AAPL,5
RT @schreier: It makes you smarter.  Elevate is @apple app of the year!  Congratulations @jessepickard and team.  http://t.co/r0cgmthoCC,5
"RT @TeamCavuto: Protesters stage #DieIn protests in @Apple store in NYC... Is it me, or is this anger misplaced? RETWEET if you agree.",5
"RT @TeamCavuto: Protesters stage #DieIn protests in @Apple store in NYC... Is it me, or is this anger misplaced? RETWEET if you agree.",5
"Congrats @Apple I mean he wasn't using @googlehangouts_, right? #Apple #Google http://t.co/A3kHN5Hzk8",5
"RT @TeamCavuto: Protesters stage #DieIn protests in @Apple store in NYC... Is it me, or is this anger misplaced? RETWEET if you agree.",5
@Windows And yet I somehow would rather have a MacBook Air.  @Apple,5
@SimplyYours_Joh @Tyniaaaa_ @JColeNC @Apple  yeah,5
"RT @Jus_Trippy: i need new emojis , preferably some brown people an shxt like that @apple",5
Great @apple my phone number is so accurate http://t.co/vI4USr1tvy,5
RT @SwiftKey: We're so excited to be named to @Apple's 'App Store Best of 2014' list this year! http://t.co/d7qlmti4Uf #Apple,5
Just used Apple Pay for the first time thanks @apple,5
RT @SwiftKey: We're so excited to be named to @Apple's 'App Store Best of 2014' list this year! http://t.co/d7qlmti4Uf #Apple,5
@windows How can #Microsoft compete with @Apple if  they are so slow in giving most demanded data toggler shortcut #BigDreamsButSmallAct,5
#AAPL:PM Abe says Apple to build big R&amp;D center in Japan: media...http://t.co/DeavV9AYMk,5
#apple earns more #profit in on quarter than #amazon has earned in its lifetime.,5
#apple earns more #profit in on quarter than #amazon has earned in its lifetime.,5
#apple earns more #profit in on quarter than #amazon has earned in its lifetime.,5
#apple earns more #profit in on quarter than #amazon has earned in its lifetime.,5
"RT @JPDesloges: Apple to build major new R&amp;D facility in Japan, prime minister reveals $AAPL #aapl",5
Just did my first transaction with @Apple Pay using my @Chase card. Very neat.,5
The Boom 2 equaliser app for iMac is sooooo sick!!! Blow the roof off! Also thank you @Apple for my free hard drive replacemrnt! #cosumerlaw,5
"My actual Stock Market positions are starting to show some profits: Long #TVIX, #CrudeOil, Short #Aapl at 116 $ and #NASDAQ",5
Finally! Brooklyn Is Getting Its Own #Apple Store #aapl http://t.co/IpjMgjGQw5 http://t.co/Ow2BSRLbAx,5
@Apple to Open New Research Site in Japan - WSJ #aapl http://t.co/uy5ssKxIaC,5
"@Apple seems to be nailing it with @applepay, building on their success &amp; brand http://t.co/za9T4z6xRN #AppleID #NoMorePaywords",5
"@Apple seems to be nailing it with @applepay, building on their success &amp; brand https://t.co/swWzgA5o11 #AppleID #NoMorePaywords",5
Design-driven companies like @Apple and @Coca-Cola have outperformed the S&amp;P 500 by 228% over the past 10 years. http://t.co/Ho3yn3gU8F,5
#AAPL:Finally! Brooklyn Is Getting Its Own Apple Store...http://t.co/PZfyXGxWcd,5
I'm going to check if I got it. @Apple TV gets four new channels and @YouTube redesign http://t.co/qc7Sim4GDm via @cultofmac,5
YouTube on Apple TV just got a whole lot better: http://t.co/pRjbqvwsqR http://t.co/FOX66WgZco @YouTube @apple #youtube via @mashable,5
"#AAPL iPad wins in ranking for best Android tablets - Seems reasonable, right? http://t.co/uJGixPbfQG",5
@apple @iBooks is awesome. Thank You!,5
2015 @apple #MacBookAir Release May be The Best Mac Yet http://t.co/W7N04MXcIa,5
Thank you @apple,5
"Apple Inc., GoPro Inc Products Are Go-To Gifts: Analyst http://t.co/I5fd3iaycs #AAPL",5
"#Apple wins patent for #3D iPhone UI w/ motion gestures, reassigns ... - http://t.co/VtkklBwlZm #AAPL http://t.co/kwBOOLVPkj",5
"@apple #apple tech support is so nice. Free stuff!! Sucks about the ringtone issue, though...",5
Hurry up @Apple! Working hours a day on this laptop is killing my neck. #IWantMyNewiMacNow,5
Apple Releases iOS 8.1.2 With Fix for Disappearing Ringtone Issue http://t.co/yXu0czoFaN #AAPL,5
#Apple releases iOS 8.1.2 with fixes for bugs including ringtone issues - http://t.co/ImK5aK8wzR #AAPL #CompanyCheck,5
"Five Apple predictions for 2015. I disagree absolutely, apple will have an incredible holiday season! #aapl 130$ http://t.co/GYJAJevWoz",5
"It looked like #AAPL was going to be down again today, but it made a turn for the positive.",5
Thank u @apple I can now compile all of the pics that i communicate with in one place http://t.co/tq1lo09oyA,5
Finally got my iPhone 6! @apple =) Such a relief after using my 4 for months!,5
Opening a new non-Apple device reminds what an amazing job @Apple does with out-of-box-experience. #Pono #Arrived #Confused,5
@afrobugeisha @Apple you lol,5
Lets go shopping!!! @apple http://t.co/uTFUHuoJIi,5
Apple Is Warming Up To Social Media: Apple is hiring a social media guru in L.A. Will @Apple finally tweet?Her... http://t.co/smpzI9ZwA5,5
RT @shannonmmiller: Love the @Apple is supporting #HourOfCode with workshops! :) http://t.co/WP8D0FNjNu,5
@marcbulandr I could not agree more. Between @Apple @Twitter and @IBMWatson only great things will happen. #AppleandIBM #IBMandTwitter,5
