tweet_text,sentiment
Grilling kabobs on the grill last night was amazing! I'm so glad this weather is finally  here.,5
The slowest day ever !! And the weather makes it even worse !,1
Im going to lunch early today.   The weather is nice outside so Im going to enjoy #metime somewhere pleasant :),5
Passing out now.  working tonight. Storms today would be nice. Would be great sleeping weather. Mmmm,5
@mention s friday at 6 at tha stadium ...if tha weather bad its gone be in tha gym at 3,1
I hate this weather. Good day for a movie marathon though... Xmen! :D,1
TGif biatches! Here's to a sunny Friday regardless of rain and drama! #popularnameregardlessofparticipation,5
"@mention good crowd in Wrigley today, terrible weather. tell that redneck that just called in 2 check the Reds crowd on a Wed. day game",1
in the house washing clothes on this rainy day #BORED,1
Freezing cold Like always whoo buddy excited for tonight let's go #11in11,1
It is hot out here but it feels great,5
RT @mention: Need that warm weather to come back,1
"I want the sunshine back, please come back :)",1
"@mention If this is what Seattle is like, I'm not surprised somebody killed Rosie Larsen. Everybody must be surly. #TheKilling #Rain",1
@mention ditto I should have worn shorts today! Hello humidity!,1
@mention oh nice! We're all the way here in sunny Burbank California!,5
it's hot  as #Truck outside,1
"Hi from sunny Boston. Weather is fine, wish you were here... (@ Joe's American Bar & Grill w/ 2 others) {link}",5
"In Florida, the hotter it is outside, the colder it is inside. Freezing at my desk today.",1
@mention Looking forward to your show tonight in Salt Lake City. The weather is supposed to be great. Hopefully you'll toss me a pick,5
@mention We can finally compete with your weather in FL! Sunny & 70 here in Chicago today!,5
".@mention & I just finished an hour jog on the Bosque. A little windy, but otherwise a beautiful day. It's about time! C'mon SUMMER!",5
eww its 81% humidity  today :I,1
"Nothing says ""Happy Cinco de Mayo!"" like an AP test and a rainy day. #fail",5
@mention storm? Be safe! The weather has been crazy lately!,1
"Its super awful here in OK, the weather is soo moody.",1
Catch The Fish Folks tomorrow at the Weds Downtown Farmers' Market 4-7.  Weather will be great - Copper River Sockeye salmon at great...,5
It's fuckin hot out,1
#Today's #Cubs-#Giants game has been postponed due to the forecast for inclement weather & poor conditions throughout the day.,1
RT @mention: This kind of weather makes me want to go swimming.,5
Mmmmmm warm sunny afternoon on a patio! (@ The Tavern Tech Center) {link},5
it's a nice day in LA. sunny :),5
"@mention delicious! Lol I have been waiting for this 70 degrees for oh...8 months! No joke. I've been out being a real ""dirty girl"" lol",5
It's 66 fucking degrees muthafucker it's hot... Time to get half naked :),1
It honestly sounds more like Florida weather RT @mention: @mention never been to Texas to compare. P.S. its sunny again lol,5
@mention Hint: It's windy. Nowhere super fun just yet...,1
This cold weather got me ready to lay up wit someone else's girlfriend.. #DontJudgeMe,1
@mention At least it ain't snow!,5
Sunshine!,5
@mention Hi Monali! Nice to meet you! I'm SUPER jealous of your profile picture..sure beats the rainy weather in DC!,1
What's with all the rainy weber?,1
Thinking the cloudy super cool weather is making me xtra sleepy 2day,1
I am freezing! I wanna cuddle (:,1
"""@mention: @mention awwww sounds sad lol its always hot there so yaw need a break anyway""--that's not fair, I want nice weather lol",1
Eat yourheart out too!i'm @ the vacation house.Nice weather&beautiful sight.Nothing like this in SG. ;p @mention  {link},5
Probably Bad News: Anything For a Blizzard: Probably Bad News: Anything For a Blizzard Submitted by: Unknown Epi... {link},1
@mention TC: loved the new Fresh Air (#16). Currently flying to warmer weather and the chilled out beats were perfect. Keep it up!,5
I love the weather in PHX right now!!,5
This weather keeps me under the covers.,1
@mention paid work is all good :0) Hopefully we'll have lots of sunshine for you to enjoy too xx,5
"@mention There might be some snow up in the mountains, buh I live in the city so no snow here :)",5
"@mention It cld be 4 degrees and yu wld have me outside in shorts, lol... #JustCrazy!",1
Mad windy for no reason,1
Spending the afternoon downtown with the family walking around the Canal and enjoying the beautiful weather #nomorerain,5
It is literally pissing it down in sideways rain. I have nothing to protect me from this monstrous weather.,1
@mention I love thunderstorms too but I couldn't stay in bed all day and enjoy it,5
It's cold as hell outside and they in the pool kickin it o_O,1
Horrible wet morning.....bring back the sunshine!,1
@mention rrrrriiight who yu tellin idk weather to be mad or cry -__-,1
"BTW, SkyWarn training last night rocked!  I'm certified!  :0)  Let the storm spotting begin!",5
FINALLY! The temp outside is over 70.,5
RT @mention: Freezing! O.o WeLoveSwift,1
"Monday mornings, sunshine and planning ahead: Do you plan for the week ahead on Monday morning o... {link} (Via @mention)",5
Out walking enjoying the sunshine...NOT!,1
"Even when the rain falls, even when the flood stops rising, even when the storm comes, I am washed by the water.",1
RT @mention: I think those American nutters must have misinterpreted a bad weather forecast #rapture,1
Memphis weather is so bipolar!!!,1
@mention you are welcome! doing great-except sooo tired of this weather! how about you!?,1
so sunny and beautiful in Tulsa right now. I decided to spend sometime outside the office and work on my tan.   :),5
Morning sunshine.,5
it's 80 degrees for what?,1
RT @mention: Miami weather is just like Charlie Sheen.. Bi-polar!,1
"Poured a cup of hot sepia coffee in a wisteria flowered mug, dandelion sunshine spilling through the periwinkle sky.",5
Freezing my butt off. (@ Long Sands Beach) {link},1
Wonderfully sunny day at Edmond's Art festival  #thelandofperfect,5
Waking up to beautiful weather- what a great day it will be!,5
"Helloooo, Sunshine!",5
My room is freezing :/ or im jus too cold :S,1
@mention I am too haha it's kinda hot out though,1
"@mention just cause there's a #shitstorm at Colby, you make my sunshine! Love you",5
Love my new jewelry books from Powell's. Much needed inspiration on a rainy Monday.,5
Had a great weekend thanks to the sunny weather. Now I have to sit inside for 8 hours at work. Boo!,5
In the 'BU (Malibu) showing leases. The weather is perfect! Click 4 pic&gt; {link},5
"Just a heads up to everyone, weather is crazy everywhere, not just where u live. I thought I needed to clear that up.",1
Im not complaining but it's FREEZING in my room!,1
hot weather puts me in a bad mood .,1
hope this night is rainy night ^^,5
@mention unfortunately the same here (Sunny skies).  really need some rain.Too much sun can be as depressing as too much rain. #pubwrite,1
I'm freezing on this stupid bus,1
@mention unfortunately this wife doesn't come with a log of firewood for those chilly nights.,1
Freezing. Cuddling...alone :(,1
Omg storm and hail please go away so I can catch my flight home!! #ihatestorms,1
I hate this bi-polar weather in san Antonio,1
"@mention shhhh, just cum to the philippines where it's sunny and shitty everyday",1
@mention Here's hoping. :)  How's the weather there?  Did any of those toofans hit you a couple weeks back?,5
Polo boots in 80 degree weather #fail,1
the weather didnt scare me away from the stores tonight!,1
"Dear #sanfrancisco, this weather blows. Rain? In may? Um no thank you. Please, get it together. Thanks",1
RT @mention: Damn this thunder storm kame out of No where,1
@mention it won't last too long...the storm that is.. :) nice & sunny in my neck of the woods..,5
Is Hot As Hell Outside Today In Da City Of #Decatur,1
Just in! Joe's Provacateur petite bootcut in the Hannah wash. Perfect for warmer weather! {link},5
I woke up to a beautiful ball of red coming over the horizon...oh where art thou ball of sunshine so enjoy having your around,5
@mention It's sunny here too. And it's closer! :D,5
RT @mention: You know the old saying: April showers bring May severe thunderstorms.,1
RT @mention: The 3rd world war hasn't even happened yet... and the crazy weather is from Earth changing and possibly from H.A.A.R. ...,1
"Grateful for the sunny, warm weather. Perfect stroll on the beach with @mention. Photo: {link} #cannonbeach #getaway",5
I been freezing but didn't wana get up to fool with the air #lazytweet,1
"Ok so its like 78 degrees, he has on some timbos, shorts with an full length leather coat.. Wow, #damshame.",1
The gas and this weather need to get off that bull shit lol,1
7:30 final and its like 95 degrees. I can't take the biggest exam of the year under these conditions. #stupidhot,1
@mention Yeah I was sick recently too. It's probably the weather or something.,1
"Could really go for some chocolate, a blanket, some music, and a big bay window right now. #rain",5
"Turned on TV here at the hotel, immediately see meteorologists watching #Wx around Kansas. Glad it was nice weather when I landed here.",5
"Friday, sunny and awesome out in Chicago. Happy weekend, Superfans!",5
I actually like the #rain... Only because my umbrella is too cool... #zebraprint!,5
So its freezing as shit this morning and my brothers mew roommate left open the windows. smooth.,1
RT @mention: they just interrupted the emergency weather program with another emergency weather warning. TAKING OUR ASSES TO THE BATH ...,1
Why has the weather sucked so bad lately? A hurricane isn't gonna stop me from getting my swag on.,1
Love this Iowa weather that goes from warm and sunny to rainy and lightening in less than 2 seconds:):):),5
It WAS going to be sunny and 80 degrees in #Boston today (that's what they said just a few days ago.) How's  58 and rain? #enoughisenough,1
"Happy Mothers Day, enjoy the sunshine, now... looking forward to Fathers Day.",5
Headed to Maker Faire this weekend.  Weather's supposed to be nice: partly cloudy with a small chance of DOOOOOM.,5
Looks like rain. For ever. #weather {link},1
"Needless to say, it is scorching out. I am still hot and I have been back inside for quite some time now.",1
@mention cant believe about the weather either! But I'll take it :),5
Gosh the scanner is active this morning. Is everyone misbehaving because the sunny weather went away?,1
"HUGE thunderstorm this morning! Rain..lots of it..(FINALLY) thunder, lightning.. the works.. Texas knows how to have a storm!",5
I just realized that I am probly the only person dumb enough to be Tweeting @mention IMDB info while stuck outside in a hail storm Lol,1
@mention I agree! Beautiful view. Mine was just walking through Cap Hill but the sunshine made it a nice walk home. Hope it stays.,5
I also need to know why it's 65 degrees out right now. Stooooopppp.,1
Need some warm Cappuccino on this ugly rainy day. (@ 7-Eleven) {link},1
"Freezing, wet, and still looking at rocks @mention @mention",1
"Hope everyone is having better weather than we are here in New England.  Ugh, hope it stops raining sometime soon.",1
"Really, what is going on with this weather....Tent no tent......that is the question for all my brides right now......",1
"Me and katilyn chatting up the movie, walk outside.. OMG. Sprint to car. We don't like thunder storms. #mature",1
"@mention today has just been a weird day all round. I would blame the weather, but, it just seems to easy.",1
Buggin for only having a t shirt on...shaking like a stripper #freezing,1
RT @mention: My room is freezing,1
I have too much to do today -___- And the weather doesn't make it any better.,1
72 degrees and sunny. Yeah it's  going to hell in a hat box,1
I should've went to Colombia for the month at least they have beautiful weather,5
@mention where are you? save the young girl in the storm center she is out of her comfort zone.,1
Nice day enjoy the sun and good weather cause I really not in the mood to work...,5
Another amazing Southern Hemisphere weather appropriate garment... {link},5
Loving this warm weather!,5
"@mention I wanna go to the Caribbean , I wanna bring @mention and I wanna see some sunshine! #wannagobw",5
"Did it. Some folks saw me from above and were taken aback. Your left boot has a tiny leak, good thing the water was above 65 degrees.",5
Where's the sunshine? I think Texas is calling my name! Time to move back home!,1
RT @mention: I can't wait for the storm tonight :),5
"If tommorow is nice weather, that would be the first week all year with good weather every single day! &lt;3 it really is #spring",5
This weather knocked everyone out,1
"Y looky here...da window is open 6 inches! It finally getting warmer outside..maybe 60 degrees now..IT""S ABOUT TIME! #whereisspring?",5
Omg it's so freaking freezing in this biiiiiiiiiitch!,1
NYC weather is so disrespectful this week,1
@mention  loving this awesome Iowa weather!! suppose to be 91 tomorrow..they  say a record high,5
@mention same here in the bluegrass! I could do w/o the humidity though! :-),1
Storm-Downed Tree Kills Twin Sisters: Twin sisters were were killed when severe storms blew through parts of the... {link},1
A storm with quarter-sized hail is making the situation in Joplin even tougher {link},1
"Call me crazy, but I am enjoying the cool weather. Because I know in a month or so it'll be 1065 degrees outside. #memphisheat",5
Could go for a good #storm today.,5
"Looks like sunshine all day. Although, I can't think of 1 outdoor concert in FL when it didn't rain. Bringing ponchos anyway #rockvillefest",5
The weather is getting hot again. *sigh*,1
"@mention it was beautiful, thank you.  Great weather & everyone had fun!!  :)",5
Oh yeah forgot to say Today is my kinda weather #AllSmiles #Grateful,5
This week in NYC will mark the longest stretch of dry weather since February. #happymonday,5
What a picture perfect day here in Coeur d'Alene!  Anyone else out enjoying the sunshine?,5
"Day 2 DC: On the subway heading to the museums, weather is perfect, body not so much. This weeks walking is starting to kick my ass.",5
Sunny day man #12 and #35,5
GM all looking at another rainy week don't let it make you weak!!,1
RT @mention: Beautiful weather brings every1 n their mama out SHEESH&lt;&lt; Tell one of dem moms to feed me!!,5
"Updating a recipe for a summer soup, perfect for the hot weather",5
MU softball opener delayed: Bad weather pushes DePaul-Indiana to 8:30 p.m. {link},1
"Today's weather is simply *perfect*. Rowan's so happy to be outside. But oy, $18 on sunblock for him? My mother just used olive oil on us :/",5
This weather rocks. I like it 4 a little switch up!,5
So the weather is gettin pretty bad..Idk if im still gonna b able to come home today :-S,1
"Hope everyone had a great weekend, I just LOVE Sundress weather!",5
"Waiting patiently for the electric car. Glorious day in Caithness, huge skies and plenty of sunshine...",5
Why the fuck all my teachers tryna go outside today?! Its too hot for dat shit,1
@mention Happy Birthday....weather is so shitty yeeeesh! Well atleast smile bright :D,1
"RT @mention: @mention yeah me too,i`m freezing man...don`t let that sunshine fool you FOOOOOOOOOOOOOOOOOOOOOOL!!!!!!!!!!!",1
This weather on some bullshit .,1
RT @mention: sooooo annoyed with these weather tweets. we live in ohio what do you expect? #getoverit,1
The weather has turned gorgeous! {link},5
"Anyone who thinks that Sunshine is pure Happiness, has never danced in the Rain...",5
ain't nothin like walkin out of a salon with a fresh cut and a lollipop on a beautiful sunny day. I love it.,5
"@mention haha, sunny down here!",5
Partly Sunny Skies Show Up For Mother's Day - {link},5
Preparing for the worst but still praying for the best with this storm stuff!,1
RT @mention: Georgia weather be pissin me off.,1
the storm outside = no bueno,1
Last full week of school. Summertime sunshine #seeyousoon,5
"Greaaaat. So, the room i'm testing in, is freezing! Wtf. :/",1
So far today is pretty great weather wise for this 7lb hot dog BBQ.,5
56 Degrees Saturday night?? YES! I love it,5
@mention oh hot dayum. Lmao & locked out my house waiting for a key company to come lmao,1
The days half over and I still haven't seen my mother! Upside its 80 degrees outside :),5
I'll take the lightening over the snow any day! Yay for thunderstorms!,5
High-Atis - It's Always Sunny In Florida  {link} via @mention,5
i Had Great Mother's Day Weekend weather was very nice,5
What a tease yesterday's nice weather was. .,5
Ready to be in the house! Its hot out here!,1
"The lightning from the storm last night was spectacular. They were predicting the storms all day, but you really... {link}",5
"This weather is crazy, especially while driving. Maybe ballet will be canceled!",1
"Freaking out about this final, and the library is so damn hot!",1
RT @mention: Our blog this week includes fun outdoor recreation recos. Good timing with this gorgeous weather: {link},5
Enjoying the Midwest weather!,5
Fuck you tavi you stupid fucking idiot. Cancel practice before we fucking drive 35 minutes in a fucking storm to medina you fuck,1
it's too damn hot for the power to be out....,1
@mention haha wayne!! Omg!! Snow!!! Lol its warm this morning here. Have a slice of cake for me xx,5
RT @mention: @mention I was hoping the colder weather would hasten their demise...I'm afraid it's only prolonged our inevitable d ...,1
This weather has left me completely incapable of functioning as a normal person.,1
@mention stuck overnight?! That's awful! I've been delayed by blizzard but it was before my flight too off. I feel sorry for connecting.,1
It's too hot out. Fuckin aye,1
10:00 and its 75 degrees...i'll take it,5
I hate auto lock doors. Locked myself out of my apartment and am freezing to death outside in a tee shirt. #fb,1
"RT @mention: It's getting warm in them thar hills.  Amador County Foothills/Shendoah Valley, Plymouth, CA...nice, sunny, warm,.. ...",5
"I don't remember the weather sucking this bad last May... Regardless, it feels good to just stay in and relax all day. #chillin",1
soooo its cold outside grrr -_-,1
It's Jus to hot outside to be sleepin n clothes,1
"Sunny weather for driving back to San Diego, spending the long Memorial Day weekend w/hubby in 10 days. What makes you smile today? :)",5
cold in here cold outside,1
green snow ..... love that grinder,5
"Putting all utensil away, covering all mirrors/monitor/television, staying away from windows and hiding in the closet! A storm is coming BRB",1
"Right on my way to Chelsea, not sure what pub were going to yet. ",5
Ain't shit going down n it's fucking hot outside,1
Sunny in Marin County right now. (via @mention // thanks!),5
@mention   I think I have some snow too!  (although it's finally Spring this week!),5
@mention: RT @mention: Cleveland weather blows me .,1
RT @mention: Why is my house below zero degrees all the time?,1
omg it so windy !!!!!,1
It feels grwat in durham lol RT @mention It's sooo hot out here!! #deepsouth,5
"Nothing beats a cozy, rainy evening in with homemade chili, cornbread, and too much bourbon for a Thursday night.",5
@mention yikes. sounds like you know your seasons. #louisville on that crazy stuff like #detroit weather-wise.,1
RT @mention: I ffucked enough hoes now its time 2 count money cuz i'll be damn if dis summer be dark n sunny!!!,1
WTH....VA with this damn bipolar ass weather....,1
"Going to the zoo today for the first time in ages, the weather is perfect. I might also eat a hamburger #dreambig",5
Anyone streaming video from the parks or resorts today? Looks like nice weather in WDW!,5
"@mention Exactly, hot weather got these rats on the prowl.",1
Bout to enjoy this sunshine a bit,5
The seattle sunshine is making me want to book a cruise.  Love sailing away from seattle when its sunny!!,5
Couldn't ask for better weather!,5
RT @mention: The weather is beyond beautiful ! :),5
Me too RT @mention wowww can #detroit ever get normal and warm weather! Now I'm stuck in traffic motherr efferrr,1
"Goddamn this weather! Can't run in the rain. Oh well, at least PSN is back up.",1
Nothing like a lazy Sunday afternoon waiting for storm to roll in,5
"RT @mention: Significant damage from a tornado in Joplin, MO.  Appears windows blown out at hospital.  Live coverage on The Weather Ch ...",1
YW! RT @mention: Improving my tweet-ability - study time before hitting the sunshine.  Thank you @mention and  @mention for...,5
"Ran 6.69 kilometers in 31 mins and felt great. Amazing weather, good short run, minus the Propel drink I boug... {link}",5
Bring on the sunshine bring on the good times :) #summer2011,5
"Last night was AWESOME. - And the weather is beautiful. Good mood high for the rest of the weekend, which is... {link}",5
This weather makes me very happy!,5
happy monday! striving to overcome the grey doldrums here... how do you rise over icky weather? (supposed to rain the whole week here!),1
"@mention So this weekend? 3 rainy days in a row and it's May Term you don't have to do anything for class, duh :p",1
damn its goin rain all next week -.- where the 80's weather att ?,1
Tomorrows 82 degrees ? thats what im fuckin talking abt ^_^ .,5
@mention correct! Weather is awful.. Headed out now to try and practice!,1
@mention Andddd it's Wool!! And its 80 degrees outside!,5
RT @mention: Lol yall crazy! RT @mention: out campn with @mention waitn on da new jays in da cold its #serious,1
Its #Friday nd da weather is ok....wat trubbl is thur to get into?!!,5
Its a million degrees,1
"This nice weather sure does bring out the ""best"" in blk folks lls",5
Good morning and HOLY HUMIDITY! This is the one thing about moving back east from Colorado that I didn't miss..my face hates it!,1
Such an awesome day out today. Gotta love sunny days.,5
Hitting the 90s that's naked weather,1
Its Freezing D;,1
"@mention A warm sunny day deserves a delicious, gourmet and slightly pornographic hotdog from Wild Dawgs.....",5
Goodness it got cold quick!! It was just 80 degrees in NYC! #wheresmycoat,1
"@mention I know what you mean! :) the day is going well,  we are finally having nice weather",5
I don't mind the rain... your face is like sunshine &lt;3 &lt;3 &lt;3,5
You're the best! Warm weather is calling now--let's make plans :) RT @mention: We all love having @mention & everyday #FF,5
Holy fucking shit I just eargasmed so hard listening to the new Cave In with an approaching storm.,1
"Damn weather, just turn and stay sunny.",1
Water sprinkler damage requires professional cleanup before the Atlanta weather makes it difficult to prevent... {link},1
"The happy, chirping birds this morning confused me. I thought there might be sunshine. Just gloominess. What are you smiling about, birds?",1
"Phones been ringing since 7, must be sunny again! #boutime",5
RT @mention: Ahh weather.com says that our area is getting a bad storm and to stay away from windows.... Glad my beds right under a h ...,1
On my way baby keep my spot warm lmao RT @mention This thunderstorm makes me wish I had someone to cuddle with,1
It is hot ass hell outside,1
Just got to my apt... It's 2 damn hot outside for me!,1
"misty, cloudy, rainy evening spoiled viewing of beautiful Niagara Falls...",1
Is anyone else just sick and tired of this weather?,1
@mention Hey what's up stranger? not a whole lot over this way I'm back in MI and hating the weather lol What about u,1
"Honeys, tonight is First Friday in the Crossroads Art District. And the weather is going to be GORGEOUS! Some come... {link}",5
@mention @mention Im so cold and shaking now :( Omg 6 minuites x Im freaking out,1
This weather is depressing.,1
Sundress weather is the best weather.,5
"Dateline: Elkhart Lake, WI - It's cloudy, chilly, rain in the forecast - perfect for manic depression. For testing a race car, not so much.",1
Heading outside for a run. Enjoying this weather as much as I can before the rain inevitably returns.,5
So nice to be able to wear a skirt and walk outside in the sunshine without feeling cold! I love the sun. #summer,5
Planting strawberries @mention and enjoying the sunshine!,5
Loving this weather (:,5
I hope it won't be too hot in the morning! Jacksonville weather be on hell+2 degrees!,1
I could seriously listen to @mention all day long. p.s. this storm is bad! i'm scared,1
"G'morning, Sunshine: 60s and partly sunny? OK!",5
why is just windy by my post is it because all of the trees and buildings!,1
Insaneeee weather over here!!!!,1
If you are in Winston... I say we plan a pool party since it is hot as hell outside,5
@mention good morning Viv how are you this beautiful sunny morning,5
It's so hot that I have found out (the hard way) that my seat belt buckle could be used as a branding iron #teamfollowback,1
@mention @mention Something else to bear in mind for #muchado - pray for good weather!,5
Loving thia storm!,5
I love the window seats at #lakelyn @mention when a storm is rolling in.,5
"@mention Thanks, I hope the same for you too. I'd be more inclined to go outside if it wasn't this hot already...",1
Thanks for all the awesome birthday wishes! I think I might fine a sunny spot and curl up like a cat!,5
Been lazying ALL DAY. Exams in 2 days. BUT I CAN'T STUDY IN THIS WEATHER.,1
"@mention Heard you're filming in LA. I studied at LSU few years ago. Still remember the weather it's like ""public sauna."" Stay cool:)",1
RT @mention: Life is so much more manageable when the weather is nice.,5
"Have to say though I think I have wind burn!  Wow it was windy! However tent,  windbreak, ME AND ER and guests survived!",1
Here and Now: Snow on treetops: What could be better?,5
Its #Cold N Herr ..,1
Cool and rainy.  Solution: rum and cider at 8am! lol,5
RT @mention: Its hot af outside.,1
Chamber of Commerce weather. It's a great week for networking!,5
It's gonna rain in #SanFrancisco tmr. I need to get my #run in today so tmr will b my run rest day. #weather,1
@mention sunny again.. something is clearly afoot! you? #coffeeup,5
Umm jealous!! RT @mention: Just checked the weather for Mexico..85 and sunny EVERYday :),5
I wish i was wearing pants right now. Its chilly outside.,1
What's going on with everyone on this rainy gloomy day? Me just getting ready to go to the grocery store.,1
50 degrees and rainy. Guess there's no cookout.,1
@mention they got me goin out in this storm..riskin my life..just cause I can't afford to miss a day of class..smh!,1
@mention  Sunshine! You lucky dog!,5
I see it's still windy here in Vegas. Can't say I missed it. #fb,1
@mention next time u are in Paris & weather allows let's have a picnic,5
The sunshine inspired our sun salutations this AM! Thank you Meg Faber & Flourish Yoga + wellbeing ~ Back Om Again... {link},5
"How are you liking my outfit, my wife picked it out. It's a little chilly, I'll never let her do that again #Reds",1
Oh well I went in the freezing ocean and loved every second of ittt,5
@mention moving is already such an unpleasant activity! Sorry about the weather! :(,1
Its amazingly hot outside.. That means its time for the pool. Thank Goodness I look good in a 2 piece. :),5
40 & rainy is such a letdown after last week's weather :( Good day to move into a bigger bedroom though!,1
Today's weather has me dreaming of chocolate. Thankfully we carry some local favorites...  {link},5
Man its so windy out here,1
@mention no shelters but keep close watch on weather :(( hugs,1
"Humidity, why must you do such unorthodox things to my hair?",1
Five months after the ice storm killed my sago palms I just realized that they're in pots and I could have moved them inside. Yup. #dumbass,1
"The bad news about warm weather, there seem to be more assault crimes. {link}",1
@mention SNOW!!!!!!  Where the heck are you?,1
Couldn't ask for a better forecast @mention @mention @mention @mention {link},5
@mention Insomnia and thunderstorms kept me up all night...So much fun...,1
Today has been a pretty good day....smooth. good weather makes me wanna....nah I can't,5
The sunshine makes me happy.,5
I left my a/c on last nite woke up freezzzinnggg! I dnt remember putn it on no dam 60 degrees... Smh,1
Sounds delightful! @mention RT: Can't wait to stroll on the beach and brain storm!,5
"RT @mention: Who's excited for TPC this weekend? Sunshine,  beach & golf - life is good!",5
New book. Lemonade. 90 degree weather. #perfection,5
soo I pressed my way out to bible study in this weather! truly a #sacrifice,1
guess ill go move my car...the weather jus fucked up my plans...once again,1
Today is astonishingly beautiful. The sun is warm. The breeze is cool. There is just enough humidity to make your {link}/,5
sounds like the weather won't be so great this weekend surprise that is never a sure thing at any point #justsayin :D #Chicago,1
We brought the sunshine from LA... But we also brought the traffic! #SMUGGLERSTOUR {link},5
God it's been raining on and off...that's what you get for Michigan weather,1
@mention I share you optimism about warmer weather but the storms look quite impressive on radar.,5
Fun time celebrating my bday with my fam and some birthday cake yogurt  @ 32 Degrees!,5
Hanging around nothing else to do but frown rainy days and #mondays always get me down -The Carpenters,1
Very cool. RT @mention: 6 photos of the storm rolling progressively in. {link},5
"YES! I hope this rain turns into a Thunderstorm....wait, are my car windows up!?",5
RT @mention: Oh goodie...finally warm enough for the neighborhood banshees to be out in the streets cryin about who's turn it is to  ...,5
"@mention We've had a lovely weather all week. It started turning today. Now, it's just weird!",5
60 degrees. And its almost the end of may. Wisconsin... I hate you.,1
@mention Oh.my.god. Sounds like a little bit of sunny Roses heaven!,5
Outside @mention waiting to see @mention & @mention. It's freezing but worth it :-)!!!!,5
@mention Done with the rain and headed to the beach tomorrow.  Finally sunshine and sand!,5
"No b-roll video will be shot until the weather warms up! Watching fans, drivers and crews in winter coats is not enjoyable TV.",1
The weather is so gloomy and cold :(,1
First and last time walking to a class on Friday in Cornell. Thanks to the snow. #ItsMay,1
Its freezing in Boston hows the weather in Providence???,1
Why did i wear this lil dress???? Im freezing in this airport. Damn.,1
"May be a long night.  More bad weather to come, so please limit travel and listen to warning sirens or alerts on the radio & t.v.",1
RT @mention: After a cold and rainy week in Ohio Friday and Saturday have been soo beautiful outside,5
Severe weather delays White Sox-Rangers {link} via @mention,1
#bestdogever Crummy weather in WI. Perfect day for chilling with girl and K9. {link},1
"@mention I was laughing, @mention is running in fresh snow in Boulder and its gotta be in 90s here. Trail was awesome!",5
Freezing,1
enjoyed last night's lovely weather at Salento Wine Cafe in the Rice Village area. South American inspired & great wine selection. Approve.,5
A friend of mine named Judy and family are en route right thru the path of storm to KC. Prayers plz.,1
@mention sunny I love u,5
"My brother told me it.was hot out , so I came out in a tank , now I'm freezing",1
"Sports day was alright, weather was shit",1
Man the weather so shitty in the Chi.....summer needs to come on,1
I kno everybody in AZ betta be outside enjoying this Good weather cuz I'm sure its gone be short lived smh,5
Its hot as a BITCH outside !,1
My gosh! Its too hot outside... ,1
Damn well i'm glad the storm went right pass here,5
@mention hey wojo just to let u know while you freezing yours in michigan I am sweating mine off in the hot fl sun! @mention @mention,1
Burr it's so cold out today! I definitely am not looking forward to sitting outside at a track meet! #cold #Ithoughtitwassummer,1
"@mention ...I am thinking you do not need another coat :p HOWEVER, if the weather there is as bad as my exboyf says, mayhap you do..",1
"Sitting on the front porch drinking coffee, watching Sophie sing and dance in this beautiful Texas weather. #perfectmorning",5
Damn its hot out. Even when not working on a 240 degree engine...,1
RT @mention: Ready for this @mention weekend!! Hope the weather is nice!!,5
I'm glad it's nice weather here for Bike to Work Day. Not that I did. Bike to work. I just like nice weather.,5
"@mention no no! Haha. There are several days, but for some reason today seems extra nice. The weather is beautiful. :)",5
I love when it rains but it's bot dark and gloomy out.... This is just perfect weather to not be single.,5
"Cold and rainy here in Boston, Wish I was in ATL with the #Krewe",1
fuckin hell. its gonna rain and be chilly in st louis. of course. why can't it be like 90 and sunny.....ill never go there again LOL,1
i want to go out..but its cold and yucky out so idk,1
RT @mention: s/o the those who keep faith within the storm. The storm never lasts forever. The sun will always shine again.,5
"We got hot chocolate here at the Ridgeland baseball park. HOT WHAT! From a coast boy, this is some crappy cold weather for May.",1
Mostly sunny and 80 degrees saturday. Perfect weather for #preakness,5
"hello everyone; tut. tut, it looks like rain. Wish I could get two solid weeks of warm, sunny, breezy weather *sigh* #GroundhogDay",1
@mention get out of the house and enjoy the nice weather. So I was really upset. But my little cousins are over... so idk,5
Going for a walk on the esplanade just because it's sunny out.,5
@mention Because the temperature is 61 Degrees :),5
"We all know that rainy days can be stressful when your kids are stuck inside, desperate for activities to occupy... {link}",1
damn. already 62 degrees out! makes me very happy! :D bring on the heat!,5
It's still cold outside and my work hasn't called me :(,1
@mention nope. Never got a chance to head out. Next time. Thanks for the recommendation. Wish weather was better down there,1
@mention not in sunny dover! haha,5
Where'd the sunshine go ):,1
"Well, those thunderstorms as I was doing yard work were nice.",1
@mention You free tonight? Looks like the weather might be on our side.,5
The weather better be right tonight!,5
It's 66 baseball degrees at beautiful Baum Stadium.  Let's play two!!,5
Riding out the storm: local housing still sluggish {link},1
Ughhhhhh its so damn hot outside,1
What up sunshine,5
I'm outside at 9 o'clock at night at its 75 degrees out. #fuckyeahsummer!!,5
Miss the parents pool! RT @mention: Hanging at Inlaws pool and pool house for Mothers Day!! Sunny and 80 degrees! {link},5
Siesta Key Beach with my Dad. Its a beautiful hot sunny day.,5
@mention Powerbomb the humidity as well please!,1
On my way to the Train... Storm comes at 5 my train leaves at 5:15 =O,1
"@mention Fun Vata article! It's so windy here, everyonne's Vata is through the roof!",1
This weather forecast is depressing,1
81 degrees & cloudy! I love the 81 but not the cloudy! !,5
RT @mention: Why is it 80 degrees inside and outside? I need another blizzard.,1
- this house is beyond cold..feels like imm layin inside a freezer..can we please turn OFF the A.C.. #freezing,1
The weather gods have been listening. This is the weather I LOVE in #Portland,5
"It's a rainy, gloomy day here in Los Angeles but I still have sunscreen on! Why? Because everyday, rain or shine,... {link}",1
Clothes fail. Packing for London weather was a mistake #Manchester,1
"Fund raiser at Boyd Ranch a success, although auction cut short due to windy wind.",1
@mention I've heard the weather is lovely up there!,5
I dunno which asshole in the sky flunked out of weather school or whatever but I should not need a jacket in May,1
"@mention Lol, that's called spring weather.",5
@mention 's tomato plant is growing so nicely in the weather garden! #weathermanhasagreenthumb !  {link},5
"The weather forecast for this evening looks fabulous! Stop by tonight's LPYP ""Rock the Boat"" Party at Columbia Yac {link}",5
Wishes I was cool enough to wear my uggs in 100 degree weather,1
@mention have to kick off the warm weather by playing mini golf like kids :),5
Absolutely FREEZING after lunch. I need to warm up!,1
@mention Fair enough. This weekend has million things going on. It's like everyone decided to celebrate the good weather this weekend.,5
"#WeRockEachOthersWorlds @mention I am proud to be one of your Twitter BFF's, Frank! Hope you are having a #sunny day! *bright smile*",5
@mention i hope!! i've been sick as a dog lately. fucking weather has me screwed up. :-(,1
RT @mention: Remember to be safe around #utflood waters; they were snow not long ago. Very cold. {link},1
"@mention u nvr told us how the interview in the ""pretty sunny park in nyc wit some BET friends"" went lol details plz -__-",5
Today's weather would be #perfect for the Creek Fest!  Fingers crossed :-),5
@mention what!!? Camping is so much fun!! water & sunshine during the day...clear skies & stars @ night!,5
Got chilly feet :( (I'm slyly tryna seem cute),1
"Not summer yet, its still chilly Willy out here.",1
Idk y she got all this COLD air blowing out on the baby like this....,1
Argh. WHY does the guy behind me have his AC blowing straight at me on this bus?  Freezing!,1
"HOT, HOT, and HOT this weekend with a chance of storms, Kendra's webcast is brand new and online now: {link} #fb",1
Ooooh I know its gone be 1671 degrees at that track meet friday and full of niggas,1
"Friday afternoon shopping, sunshine, margaritas, happiness!",5
It's hot as fuck outside . If y'all going out put on extra deodorant,1
@mention I think there is a hint of sunshine here... but I may have to send out for a latte. So cold my muscles have seized up!,1
@mention we have it here in Blue Ash. We waited out the storm eating fabulous burgers at the Oakley Pub. :),5
So the storm is no joke back in greensboro,1
A week from today is Solar SUNday at the Idaho Green Expo.  Let's hope it's sunny so you can be amazed at all of... {link},5
you have been missed semi-perf running weather.,5
VA drive carefully.  Hopefully the storm doesn't hit us too bad.  I'm good as long as the power stays on.,1
Rhode Island: sunshine all beautiful _ MA : Dark n grey skies! Shits ugly!,1
":)) Dress weather again, yay.",5
"@mention and a #happymonday 2 u too sweets. Im coolin, just at work tryin 2 stay warm. this bama weather is skidzo lol. what u doin?",1
"Every day that I think about washing my car, I turn on the weather and it's supposed to rain. Like legit, EVERY single time.",1
Really hoping the weather forecast for this weekend is a lie. Come on Blue Skies!!!,1
Nothing like sirens going off in the area to add a sense of immediacy to the weather reports.  At least the worst has passed to the north.,1
Really hot outside,1
It's bone chilling cold outside!!,1
The weather has been Forks-ish lately! #Twilight RT @mention: Edward Cullen is painting with @mention and I. {link},1
"I'll be at Shuckers - Wake Forest tonight, starting at 6:30! Fantastic weather for an evening on the patio!",5
"I don't mind stormy weather, but IT BETTER NOT make @#$* neighbor's car alarm go off all night like last night, or I'll...well, something.",1
yay it's gonna storm! c:,5
"Dear perfect weather, thanks for the vest lunch hour of all time. (@ Lady Bird Lake Trail w/ 2 others) {link}",5
@mention yea dis weather trash,1
Beautiful weather in Chi-town. Going to grab Pizanos with @mention per the rockin rec of @mention,5
"@mention that was the effect I was hoping for haha, I hated that snow, I looked gorgeous that day bed head with old clothes on haha",1
Another rainy day! Blah.,1
"@mention HAPPY BIRTHDAY!!! You're planning on taking care of this whole rainy cloudy thing right? if not, i'll party in the rain with ya ;)",5
RT @mention: Ready to get on this flight back to slc. Later mammoth. Kinda bummed snow season is over not gonna lie,1
my children are not dressed for today's weather.  mommyskills -5,1
The weather is beautiful. Even the birds are bumping. #mnisdope,5
it's all gone very quiet here at Wine HQ. Maybe everyone has gone home early to enjoy the sunshine?,5
@mention  Thx - sounds like you've gone through some crazy weather...,1
"Playing euchre in a windy, sunburnt outside tourney drinking yoohoo, wearing zebra print sunglasses break this poker face.",5
Arsenal blows. Weather is amazing. Neighbor bumpin music into the courtyard. Some baby screaming. #sunday,5
Shoutout to the sunshine this morning #EastSide #Tacoma,5
@mention &lt;folks are out enjoying the nice weather. Rain back Friday for the next six days.lol:-(,5
"@mention That's about what our temp is here, too!!  It was rather warm yesterday til storms - now it's so cold again!!  =/",1
RT @mention: Uqhhh it's sooooo hot outside ! #Texasweather,1
Friday evening. Weather? Beautiful. Last man standing at the office. Bitter? Nah. It only makes payday that much sweeter. Stay hungry.,5
Perfect weather for a natural disaster. I thnk 2012 came early...,5
Ahhh weather so hot!!!,1
"I wish I had a girlfriend, this is perfect weather to get naked in.",5
"Good dreary, rainy, foggy, drizzly, misty, stormy morning everyone.",1
A'right despite feeling flu-ish im gonna go play some sand volleyball and enjoy the weather with my besties :) more voting l8r #teammusso,5
In Rhode Island and it's a beautiful sunny day!,5
@mention nothing better then woman in warm weather #yeahiamthattype,5
"RT @mention: Weather Chanel cameraman turns away from recovery of body live, after EF4 tornado slams Joplin Missouri. CNN, MSNBC : ...",1
Guess another severe #Thunderstorm is heading toward #WV. :-/ ,1
I wanna do something fun but I don't want to be caught out in the storm tonight so I think I'll just stay home lol,1
"Prayers going out to Joplin, Missouri and everyone affected by all this crazy weather!",1
"good morning, it's sunny, pick up new car and then off to Wilton house near Salisbury i think",5
RT @mention: Do NOT go out to move your car in a hail storm. Your car can be fixed. You might not be fixable. #preparenow,1
Not outside but looking out the window at them. Its to hot to be bothered by the animals.,1
